Console,Title,US Sales (millions),YearReleased,Publisher,Genre,Sequel,Re-release,Usedprice,Review Score,MaxPlayers,Online,Multiplatform,SubGenres,AgeRating
Nintendo DS,Super Mario 64 DS,4.69,2004,Nintendo,Action,1,1,24.95,85,1,0,0,Action|Puzzle|RealTime|Platform|ThirdPerson,E
Sony PSP,Lumines: Puzzle Fusion,0.56,2004,Ubisoft,Strategy,0,0,14.95,89,1,1,0,Strategy|Puzzle|RhythmAction,Unknown
Nintendo DS,WarioWare Touched!,0.54,2004,Nintendo,"Action, Racing / Driving, Sports",1,0,22.95,81,2,0,0,Action|Racing|Sports|Anime|Paddle|Boxing|Fishing|Horse|Sailing|Snowboarding|Platform|Isometric|SideScrolling|TopDown|ThirdPerson,E
Sony PSP,Hot Shots Golf: Open Tee,0.49,2004,Sony,Sports,0,0,12.95,81,1,1,0,Sports|Golf|ThirdPerson,Unknown
Nintendo DS,Spider-Man 2,0.45,2004,Activision,Action,1,0,14.95,61,1,0,1,Action|Comics|Fighting|Puzzle|RealTime|Platform|SideScrolling|ThirdPerson,E
Nintendo DS,The Urbz: Sims in the City,0.41,2004,EA,Simulation,1,0,12.95,67,1,0,1,Simulation|Managerial|Isometric,E
Sony PSP,Ridge Racer,0.36,2004,Namco,Racing / Driving,1,0,19.95,88,1,1,1,Racing|FirstPerson|ThirdPerson,E
Sony PSP,Metal Gear Ac!d,0.34,2004,Konami,Strategy,0,0,17.95,75,1,1,0,Strategy|SciFi|Spy|TurnBased|ThirdPerson,M
Nintendo DS,Madden NFL 2005,0.25,2004,EA,Sports,1,0,8.95,68,1,0,0,Sports|AmericanFootball|ThirdPerson,E
Nintendo DS,Pokemon Dash,0.22,2004,Nintendo,Racing / Driving,0,0,24.95,46,1,0,0,Racing|TopDown|ThirdPerson,E
Sony PSP,Dynasty Warriors,0.2,2004,"KOEI Co., Ltd., KOEI Corporation, KOEI Ltd.","Action, Adventure, Role-Playing (RPG)",1,0,14.95,62,1,0,0,Action|Adventure|RPG|MedievalFantasy|ThirdPerson,T
Nintendo DS,Feel the Magic XY/XX,0.16,2004,Sega,"Action, Adventure, Racing / Driving, Sports",0,0,8.95,75,1,0,0,Action|Adventure|Racing|Sports|Anime|Bowling|Sailing|FirstPerson|Platform|SideScrolling|TopDown|ThirdPerson,T
Nintendo DS,Ridge Racer DS,0.15,2004,Namco,Racing / Driving,1,0,9.95,63,1,0,1,Racing|FirstPerson|ThirdPerson,E
Sony PSP,Darkstalkers Chronicle: The Chaos Tower,0.14,2004,Capcom,Action,0,1,14.95,74,1,1,0,Action|Anime|Fighting|SideScrolling|ThirdPerson,T
Sony PSP,Ape Escape Academy,0.13,2004,Sony,"Action, Sports",1,0,14.95,51,4,1,0,Action|Sports|Arcade|Puzzle|RhythmAction|Boxing|Bowling|Golf|Olympiad|Soccer|TopDown|ThirdPerson,E
Nintendo DS,Polarium,0.12,2004,Nintendo,Strategy,0,0,8.95,73,1,0,0,Strategy|Puzzle|RealTime|TopDown,E
Nintendo DS,Asphalt: Urban GT,0.11,2004,Ubisoft,"Racing / Driving, Simulation",0,0,14.95,60,1,0,0,Racing|Simulation|ThirdPerson,E
Nintendo DS,Ping Pals,0.11,2004,THQ,Action,0,0,7.95,28,1,0,0,Action,E
Nintendo DS,Zoo Keeper,0.1,2004,"Ignition Entertainment Ltd., Ignition Entertainment Ltd. USA, Success Corp.",Action,0,0,14.95,74,1,0,0,Action|Anime|Arcade|Puzzle,E
Nintendo DS,Mr. DRILLER: Drill Spirits,0.09,2004,Namco,Action,1,0,14.95,72,1,0,0,Action|Puzzle|Platform,E
Nintendo DS,Sprung,0.06,2004,Ubisoft,Adventure,0,0,8.95,48,1,0,0,Adventure|Puzzle|FirstPerson,T
Sony PSP,Armored Core: Formula Front - Extreme Battle,0.05,2004,"505 GameStreet, Agetec, Inc., FromSoftware, Inc.","Action, Strategy",1,0,16.95,66,1,1,0,Action|Strategy|Battlemech|Managerial|RealTime|SciFi|Shooter|FirstPerson|ThirdPerson,T
Nintendo DS,Puyo Pop Fever,0.04,2004,Sega,"Action, Strategy",0,1,19.95,76,1,0,1,Action|Strategy|Anime|Arcade|Puzzle,E
Nintendo DS,Mario Kart DS,9.99,2005,Nintendo,Racing / Driving,1,0,29.95,91,1,1,0,Racing|ThirdPerson,E
Nintendo DS,Nintendogs,9.72,2005,Nintendo,Simulation,0,0,26.95,83,1,0,0,Simulation|PersistentUniverse|RealTime|ThirdPerson,E
Nintendo DS,Brain Age: Train Your Brain in Minutes a Day!,5.07,2005,Nintendo,Action,0,0,17.95,77,1,0,0,Action|MentalTraining,E
Nintendo DS,Brain Age2: More Training in Minutes a Day!,3.65,2005,Nintendo,Action,1,0,17.95,77,1,0,0,Action|MentalTraining,E
Sony PSP,Grand Theft Auto: Liberty City Stories,2.97,2005,Capcom,"Action, Racing / Driving",1,0,17.95,88,1,1,1,Action|Racing|Fighting|Shooter|ThirdPerson,M
Nintendo DS,Animal Crossing: Wild World,2.6,2005,Nintendo,Simulation,1,0,24.95,86,1,1,0,Simulation|ThirdPerson,E
Nintendo DS,Big Brain Academy,1.77,2005,Nintendo,Action,0,0,16.95,74,1,0,0,Action|MentalTraining|TopDown,E
X360,Call of Duty 2,1.69,2005,Activision,Action,1,0,17.95,89,4,1,0,Action|HistoricalBattle|Shooter|FirstPerson,T
Sony PSP,Midnight Club 3: DUB Edition,1.69,2005,Rockstar,Racing / Driving,1,0,14.95,74,1,1,1,Racing|FirstPerson|ThirdPerson,Unknown
Sony PSP,Need for Speed: Most Wanted 5-1-0,1.67,2005,EA,Racing / Driving,1,0,14.95,72,1,1,1,Racing|FirstPerson|ThirdPerson,Unknown
Nintendo DS,Pokemon Mystery Dungeon: Blue Rescue Team,1.22,2005,Nintendo,Role-Playing (RPG),1,0,14.95,62,1,0,0,RPG|Anime|TopDown|ThirdPerson,E
Nintendo DS,Sonic Rush,1.2,2005,Sega,Action,1,0,14.95,82,1,0,0,Action|SideScrolling,E
Sony PSP,Star Wars: Battlefront II,1.09,2005,LucasArts,Action,1,0,16.95,69,1,1,0,Action|SciFi|Shooter|FirstPerson|ThirdPerson,T
Sony PSP,SOCOM: U.S. Navy SEALs - Fireteam Bravo,1.07,2005,Sony,Action,1,0,14.95,82,1,1,0,Action|Shooter|Stealth|FirstPerson|ThirdPerson,M
X360,Need for Speed: Most Wanted,0.95,2005,EA,Racing / Driving,1,0,17.95,83,2,1,1,Racing|FirstPerson|ThirdPerson,T
Nintendo DS,Zoo Tycoon DS,0.92,2005,THQ,"Simulation, Strategy",0,1,12.95,44,1,0,0,Simulation|Strategy|Managerial|RealTime|Isometric,E
Nintendo DS,The Sims 2,0.83,2005,EA,"Role-Playing (RPG), Simulation",1,0,17.95,70,1,0,1,RPG|Simulation|Gameshow|Managerial|PersistentUniverse|Puzzle|RealTime|ThirdPerson,Unknown
Sony PSP,Namco Museum Battle Collection,0.77,2005,Namco,"Action, Racing / Driving",0,1,17.95,73,1,1,0,Action|Racing|Arcade|SideScrolling|TopDown,Unknown
Nintendo DS,Mario & Luigi: Partners in Time,0.75,2005,Nintendo,"Action, Role-Playing (RPG)",1,0,29.95,86,1,0,0,Action|RPG|Puzzle|Isometric,E
Sony PSP,Madden NFL 06,0.75,2005,EA,Sports,1,0,7.95,75,1,1,1,Sports|AmericanFootball|ThirdPerson,E
Sony PSP,Need for Speed Underground: Rivals,0.73,2005,EA,Racing / Driving,1,0,17.95,74,4,1,0,Racing|FirstPerson|ThirdPerson,E
Sony PSP,Twisted Metal: Head-On,0.73,2005,Sony,"Action, Racing / Driving",1,0,14.95,79,1,1,1,Action|Racing|Cyberpunk|ThirdPerson,T
X360,Perfect Dark Zero,0.7,2005,Microsoft,Action,1,0,17.95,79,4,1,0,Action|SciFi|Shooter|Spy|FirstPerson,M
Nintendo DS,Super Monkey Ball: Touch & Roll,0.7,2005,Sega,Action,1,0,15.95,63,1,0,0,Action|Puzzle|ThirdPerson,E
Nintendo DS,Super Princess Peach,0.7,2005,Nintendo,Action,0,0,29.95,75,1,0,0,Action|Puzzle|Platform|SideScrolling,E
Sony PSP,Burnout Legends,0.68,2005,EA,"Action, Racing / Driving",1,0,14.95,86,1,1,1,Action|Racing|FirstPerson|ThirdPerson,Unknown
X360,Madden NFL 06,0.62,2005,EA,Sports,1,0,4.95,74,2,1,1,Sports|AmericanFootball|ThirdPerson,E
Nintendo DS,Clubhouse Games,0.61,2005,Nintendo,Strategy,0,0,17.95,83,1,1,0,Strategy|Boardgame|Cards|Casino|Chess|Puzzle,E
Sony PSP,ATV Offroad Fury: Blazin' Trails,0.56,2005,Sony,"Racing / Driving, Sports",0,0,12.95,63,4,1,0,Racing|Sports|OffRoad|Tricks|ThirdPerson,E
Sony PSP,Untold Legends: Brotherhood of the Blade,0.56,2005,Activision,"Action, Role-Playing (RPG)",0,0,12.95,68,1,1,0,Action|RPG|MedievalFantasy|Isometric|TopDown|ThirdPerson,T
Sony PSP,Tony Hawk's Underground 2: Remix,0.49,2005,Activision,Sports,1,0,14.95,83,1,1,0,Sports|Skateboarding|ThirdPerson,T
Sony PSP,The Sims 2,0.46,2005,EA,"Simulation, Strategy",1,0,14.95,65,1,1,1,Simulation|Strategy|Gameshow|Managerial|PersistentUniverse|Puzzle|RealTime|ThirdPerson,T
Sony PSP,WipEout Pure,0.45,2005,Sony,"Action, Racing / Driving",1,0,12.95,88,1,1,0,Action|Racing|SciFi|FirstPerson|ThirdPerson,E
Sony PSP,NBA Live 06,0.42,2005,EA,Sports,1,0,9.95,80,1,1,1,Sports|Basketball|ThirdPerson,E
Sony PSP,WWE Smackdown vs. Raw 2006,0.38,2005,THQ,"Action, Sports",1,0,14.95,81,4,0,1,Action|Sports|Wrestling|TopDown,T
X360,Dead or Alive 4,0.38,2005,"Tecmo, Inc.",Action,1,0,17.95,85,4,1,0,Action|Anime|Fighting|MartialArts|ThirdPerson,M
Nintendo DS,Phoenix Wright: Ace Attorney,0.38,2005,Capcom,"Adventure, Simulation",0,0,24.95,81,1,0,0,Adventure|Simulation|Anime|Detective|Puzzle|FirstPerson,T
Sony PSP,Spider-Man 2,0.38,2005,Activision,Action,1,0,14.95,67,1,0,0,Action|Comics|Fighting|Puzzle|RealTime|ThirdPerson,T
Sony PSP,NFL Street 2,0.37,2005,EA,Sports,1,0,17.95,73,4,1,0,Sports|AmericanFootball|Tricks|ThirdPerson,E
Nintendo DS,Kirby: Canvas Curse,0.37,2005,Nintendo,Action,1,0,17.95,86,1,0,0,Action|SideScrolling,E
X360,Battlefield 2: Modern Combat,0.36,2005,EA,Action,1,0,16.95,77,4,1,1,Action|Shooter|FirstPerson|ThirdPerson,T
Nintendo DS,Yoshi Touch & Go,0.36,2005,Nintendo,Action,1,0,17.95,73,1,0,0,Action|Platform|ThirdPerson,E
X360,Tiger Woods PGA Tour 06,0.33,2005,EA,Sports,1,0,9.95,71,4,1,0,Sports|Golf|ThirdPerson,E
X360,Condemned: Criminal Origins,0.33,2005,Sega,"Action, Adventure",0,0,14.95,81,1,0,0,Action|Adventure|Detective|Fighting|Horror|Shooter|FirstPerson,M
X360,Peter Jackson's King Kong: The Official Game of...,0.32,2005,Ubisoft,Action,0,0,14.95,80,2,0,1,Action|Fighting|Shooter|FirstPerson|ThirdPerson,T
Nintendo DS,Castlevania: Dawn of Sorrow,0.31,2005,Konami,"Action, Role-Playing (RPG)",1,0,17.95,89,1,0,0,Action|RPG|Puzzle|Shooter|Platform|SideScrolling|ThirdPerson,T
Nintendo DS,SpongeBob SquarePants: The Yellow Avenger,0.31,2005,THQ,Action,0,0,13.95,67,1,0,1,Action|Puzzle|Platform|SideScrolling|ThirdPerson,E
Sony PSP,Marvel Nemesis: Rise of the Imperfects ,0.31,2005,EA,Action,0,0,17.95,58,1,1,1,Action|Comics|Fighting|SciFi|ThirdPerson,T
X360,Kameo: Elements of Power,0.31,2005,Microsoft,Action,0,0,11.95,79,1,1,0,Action|MedievalFantasy|Puzzle|Platform,T
Nintendo DS,Advance Wars: Dual Strike,0.3,2005,Nintendo,Strategy,1,0,17.95,90,1,0,0,Strategy|TurnBased|Isometric,E
Nintendo DS,Trauma Center: Under the Knife,0.3,2005,Nintendo,"Action, Simulation",0,0,15.95,81,1,0,0,Action|Simulation|Anime|Arcade|Puzzle|SciFi|FirstPerson,T
Sony PSP,Coded Arms,0.3,2005,Konami,Action,0,0,12.95,59,1,1,0,Action|Cyberpunk|RealTime|SciFi|FirstPerson,T
X360,NBA LIVE 06 ,0.29,2005,EA,Sports,1,0,4.95,64,1,0,1,Sports,E
X360,Tony Hawk's American Wasteland,0.29,2005,Activision,Sports,1,0,14.95,75,1,1,1,Sports|Skateboarding|ThirdPerson,T
Nintendo DS,Star Wars: Episode III - Revenge of the Sith,0.28,2005,Ubisoft,Action,1,0,16.95,73,1,0,0,Action|Fighting|Flight|SciFi|SideScrolling|ThirdPerson,T
Sony PSP,Capcom Classics Collection Remixed,0.28,2005,Capcom,Action,0,1,17.95,72,1,1,0,Action|Fighting|Flight|HistoricalBattle|FirstPerson|Isometric|SideScrolling|TopDown|ThirdPerson,T
Nintendo DS,Madagascar,0.27,2005,Activision,Adventure,0,0,14.95,66,1,0,1,Adventure|Puzzle|Platform|SideScrolling|ThirdPerson,Unknown
Sony PSP,X-Men: Legends II - Rise of Apocalypse,0.27,2005,Activision,"Action, Role-Playing (RPG)",1,0,17.95,84,1,1,1,Action|RPG|Comics|Fighting|Isometric|ThirdPerson,T
X360,Quake 4,0.27,2005,Activision,Action,1,0,14.95,75,1,1,0,Action|SciFi|Shooter|FirstPerson,M
Nintendo DS,Pokemon Trozei!,0.26,2005,Nintendo,Strategy,0,0,19.95,74,1,0,0,Strategy|Puzzle|RealTime|TopDown,E
Nintendo DS,Need for Speed: Most Wanted,0.25,2005,EA,Racing / Driving,1,0,15.95,45,1,0,1,Racing|FirstPerson|ThirdPerson,E
Sony PSP,Mega Man Maverick Hunter X,0.25,2005,Capcom,Action,0,1,17.95,79,1,0,0,Action|SciFi|Platform|SideScrolling|ThirdPerson,E
Sony PSP,MLB,0.24,2005,Sony,Sports,0,0,9.95,80,1,0,0,Sports|Baseball|ThirdPerson,E
Sony PSP,NBA Street Showdown,0.22,2005,EA,Sports,1,0,17.95,75,4,1,0,Sports|Basketball|Tricks|ThirdPerson,E
Nintendo DS,Metroid Prime Pinball,0.22,2005,Nintendo,"Action, Simulation",1,0,17.95,79,1,0,0,Action|Simulation|Pinball|SciFi|TopDown|ThirdPerson,E
Sony PSP,NBA 06,0.22,2005,Sony,Sports,1,0,9.95,72,1,1,1,Sports|Basketball|ThirdPerson,E
X360,GUN ,0.22,2005,Activision,"Action, Racing / Driving, Role-Playing (RPG)",0,0,19.95,75,1,0,1,Action|Racing|RPG,M
X360,NBA 2K6 ,0.22,2005,2K,Sports,1,0,4.95,81,1,0,1,Sports,E
Sony PSP,Pinball Hall of Fame: The Gottlieb Collection,0.21,2005,"Crave Entertainment, Inc., Play It Ltd, System 3 Software, Ltd.",Action,1,0,9.95,73,4,1,1,Action|Pinball|FirstPerson,E
Nintendo DS,Harry Potter and the Goblet of Fire,0.21,2005,EA,Action,1,0,17.95,68,1,0,1,Action|MedievalFantasy|Puzzle|RhythmAction|TopDown|ThirdPerson,Unknown
Nintendo DS,Tony Hawk's American Sk8land,0.21,2005,Activision,Sports,1,0,16.95,84,1,1,1,Sports|Skateboarding|ThirdPerson,E
Sony PSP,Midway Arcade Treasures: Extended Play,0.21,2005,Midway,"Action, Racing / Driving, Sports",0,1,14.95,63,1,1,0,Action|Racing|Sports|Fighting|MartialArts|MedievalFantasy|Puzzle|SciFi|Shooter|Skateboarding|Platform|SideScrolling|TopDown,M
Sony PSP,MVP Baseball,0.21,2005,EA,Sports,0,0,4.95,67,1,1,1,Sports|Baseball,E
Sony PSP,NBA,0.21,2005,Sony,Sports,0,0,9.95,57,1,0,0,Sports|Basketball|ThirdPerson,E
Sony PSP,Tiger Woods PGA Tour,0.21,2005,EA,Sports,0,0,17.95,78,1,1,0,Sports|Golf|ThirdPerson,E
Sony PSP,World Series of Poker,0.21,2005,Activision,"Sports, Strategy",0,0,14.95,37,1,1,1,Sports|Strategy|Cards|Casino|TopDown|ThirdPerson,E
Sony PSP,SSX on Tour,0.2,2005,EA,Sports,1,0,16.95,79,1,1,1,Sports|Snowboarding|Tricks|ThirdPerson,E
Sony PSP,Tiger Woods PGA Tour 06,0.2,2005,EA,Sports,1,0,9.95,80,1,1,0,Sports|Golf|ThirdPerson,E
Sony PSP,Death Jr.,0.19,2005,Konami,Action,0,0,9.95,61,1,0,0,Action|ThirdPerson,T
Sony PSP,Harry Potter and the Goblet of Fire,0.19,2005,EA,Action,1,0,17.95,70,1,1,1,Action|MedievalFantasy|Puzzle|RhythmAction|ThirdPerson,Unknown
Sony PSP,MediEvil Resurrection,0.19,2005,Sony,Action,1,0,17.95,66,1,0,0,Action,T
Nintendo DS,"The Chronicles of Narnia: The Lion, the Witch a...",0.18,2005,"Buena Vista Games, Inc.","Action, Role-Playing (RPG)",0,0,12.95,65,1,0,1,Action|RPG|Fighting|MedievalFantasy|Isometric,Unknown
Nintendo DS,Shrek SuperSlam,0.18,2005,Activision,Action,0,0,11.95,56,1,0,1,Action|Platform|ThirdPerson,Unknown
Sony PSP,Virtua Tennis: World Tour,0.18,2005,Sega,Sports,1,0,14.95,84,1,1,1,Sports|Arcade|Tennis|ThirdPerson,E
Sony PSP,Prince of Persia: Revelations,0.17,2005,Ubisoft,Action,1,1,6.95,65,1,0,0,Action|MedievalFantasy|FirstPerson|ThirdPerson,M
Nintendo DS,Burnout Legends,0.16,2005,EA,"Action, Racing / Driving",0,0,17.95,38,1,0,1,Action|Racing|FirstPerson|ThirdPerson,E
Nintendo DS,Meteos,0.16,2005,Nintendo,Strategy,0,0,15.95,88,1,0,0,Strategy|Puzzle,E
Nintendo DS,Spyro: Shadow Legacy,0.15,2005,"Sierra Entertainment, Inc., Vivendi Universal Games, Inc.",Role-Playing (RPG),1,0,17.95,50,1,0,0,RPG|Puzzle|ThirdPerson,E
Sony PSP,The Con,0.15,2005,Sony,Action,0,0,8.95,63,1,0,0,Action|Fighting|ThirdPerson,T
Sony PSP,Infected,0.15,2005,Majesco Entertainment Company,Action,0,0,17.95,74,1,1,0,Action|Shooter|ThirdPerson,M
Nintendo DS,Trace Memory,0.14,2005,Nintendo,Adventure,0,0,14.95,70,1,0,0,Adventure|Puzzle|FirstPerson|TopDown|ThirdPerson,T
Sony PSP,Pursuit Force,0.14,2005,Sony,"Action, Racing / Driving",0,0,14.95,75,1,0,0,Action|Racing|Shooter|FirstPerson|ThirdPerson,T
Sony PSP,Kingdom of Paradise,0.13,2005,Sony,"Action, Role-Playing (RPG)",0,0,12.95,72,2,1,0,Action|RPG|Anime|Fighting|MartialArts|ThirdPerson,T
Nintendo DS,Dragon Ball Z: Supersonic Warriors 2,0.13,2005,Atari,Action,1,0,22.95,66,1,0,0,Action|Anime|Fighting|MartialArts|SideScrolling|ThirdPerson,T
Nintendo DS,Dragon Quest Heroes: Rocket Slime,0.13,2005,SquareEnix,Action,1,0,12.95,83,1,0,0,Action|TurnBased|TopDown|ThirdPerson,E
Sony PSP,Dead to Rights: Reckoning,0.13,2005,Namco,Action,1,0,14.95,54,1,1,0,Action|Fighting|FirstPerson|ThirdPerson,M
Sony PSP,World Championship Poker 2 featuring Howard Led...,0.13,2005,"Crave Entertainment, Inc., Oxygen Interactive Software Ltd.",Simulation,1,0,9.95,65,1,0,1,Simulation|Cards|Casino|FirstPerson|ThirdPerson,T
X360,Amped 3,0.13,2005,2K,Sports,1,0,14.95,72,1,0,0,Sports|Snowboarding|ThirdPerson,E
Nintendo DS,Break 'em All,0.12,2005,"D3Publisher Inc., D3Publisher of America, Inc.",Action,0,0,17.95,68,1,0,0,Action|Arcade|Paddle,E
Nintendo DS,Lunar: Dragon Song,0.12,2005,Ubisoft,Role-Playing (RPG),0,0,14.95,59,1,0,0,RPG|Anime|MedievalFantasy|Isometric|ThirdPerson,Unknown
Nintendo DS,Madden NFL 06,0.12,2005,EA,Sports,1,0,9.95,66,1,0,1,Sports|AmericanFootball|ThirdPerson,E
Nintendo DS,Retro Atari Classics,0.12,2005,Atari,"Action, Racing / Driving, Simulation",0,1,12.95,51,1,0,0,Action|Racing|Simulation|Arcade|Paddle|Shooter|TopDown,E
Nintendo DS,True Swing Golf,0.12,2005,Nintendo,Sports,0,0,14.95,66,1,0,0,Sports|Golf,E
Sony PSP,FIFA Soccer,0.12,2005,EA,Sports,1,0,14.95,73,1,0,1,Sports|Soccer|ThirdPerson,E
Sony PSP,Metal Gear Ac!d 2,0.12,2005,Konami,Strategy,0,0,12.95,80,1,1,0,Strategy|Spy|TurnBased|ThirdPerson,M
Nintendo DS,ATV Quad Frenzy,0.11,2005,"Majesco Sales, Inc., Majesco Europe Ltd.","Racing / Driving, Sports",0,0,14.95,35,1,0,0,Racing|Sports|OffRoad|ThirdPerson,E
Nintendo DS,Bomberman,0.11,2005,Ubisoft,Strategy,1,0,17.95,75,1,0,1,Strategy|Arcade|Puzzle|SciFi|TopDown,E
Nintendo DS,GoldenEye: Rogue Agent,0.11,2005,EA,Action,1,0,14.95,58,1,0,1,Action|Fighting|Shooter|FirstPerson,T
Nintendo DS,Need for Speed Underground 2,0.11,2005,EA,Racing / Driving,1,0,22.95,65,1,0,1,Racing|FirstPerson|ThirdPerson,E
Sony PSP,FIFA Soccer 06,0.11,2005,EA,Sports,1,0,16.95,77,1,1,1,Sports|Soccer|ThirdPerson,E
Sony PSP,Frogger: Helmet Chaos,0.11,2005,Konami,Action,1,0,19.95,66,1,0,1,Action|Puzzle|Platform|TopDown,E
Sony PSP,The Lord of the Rings: Tactics,0.11,2005,EA,"Role-Playing (RPG), Strategy",0,0,19.95,64,1,1,0,RPG|Strategy|MedievalFantasy|Isometric,T
Sony PSP,Rengoku: The Tower of Purgatory,0.11,2005,Konami,"Action, Role-Playing (RPG)",0,0,12.95,43,1,1,0,Action|RPG|Cyberpunk|SciFi|ThirdPerson,M
Sony PSP,Gretzky NHL,0.1,2005,Sony,Sports,0,0,9.95,61,2,0,0,Sports|Hockey|TopDown|ThirdPerson,E
X360,Ridge Racer 6,0.1,2005,EA,Racing / Driving,1,0,14.95,74,2,1,0,Racing|FirstPerson|ThirdPerson,E
Nintendo DS,Ford Racing 3,0.1,2005,"Destination Software, Inc.","Action, Racing / Driving",1,0,14.95,49,1,0,1,Action|Racing|FirstPerson|ThirdPerson,E
Sony PSP,World Tour Soccer,0.1,2005,Sony,Sports,0,0,12.95,70,1,1,0,Sports|Soccer|ThirdPerson,E
X360,NHL 2K6 ,0.1,2005,2K,Sports,1,0,5.95,75,1,0,1,Sports,Unknown
Nintendo DS,Bust-a-Move DS,0.09,2005,"505 GameStreet, Majesco Entertainment Company","Action, Strategy",0,1,17.95,75,1,0,0,Action|Strategy|Anime|Arcade|ThirdPerson,E
Nintendo DS,Battles of Prince of Persia,0.09,2005,Ubisoft,Strategy,1,0,14.95,64,1,0,0,Strategy|Cards|Isometric,Unknown
Nintendo DS,Snood 2: On Vacation,0.09,2005,"Destination Software, Inc.","Action, Strategy",1,0,11.95,46,1,0,0,Action|Strategy|Puzzle|ThirdPerson,E
Sony PSP,GripShift,0.09,2005,Ubisoft,Racing / Driving,0,0,9.95,70,1,1,0,Racing|Arcade|Puzzle|ThirdPerson,E
Nintendo DS,Marvel Nemesis: Rise of the Imperfects ,0.08,2005,EA,Action,0,0,14.95,34,1,0,1,Action|Comics|Fighting|SciFi|ThirdPerson,T
Nintendo DS,Scooby-Doo! Unmasked,0.08,2005,THQ,Action,0,0,17.95,60,1,0,1,Action|Detective|Puzzle|Platform|SideScrolling|ThirdPerson,E
Nintendo DS,Viewtiful Joe: Double Trouble!,0.08,2005,Capcom,Action,1,0,14.95,73,1,0,0,Action|Platform|SideScrolling|ThirdPerson,T
Sony PSP,Frantix,0.08,2005,Ubisoft,Action,0,0,12.95,59,1,0,0,Action|Puzzle|ThirdPerson,E
Sony PSP,The Legend of Heroes: A Tear of Vermillion,0.08,2005,"Bandai Co., Ltd., Bandai Games Inc.",Role-Playing (RPG),0,0,17.95,68,1,0,0,RPG|MedievalFantasy|TopDown,T
Sony PSP,PQ: Practical Intelligence Quotient,0.08,2005,"D3Publisher of America, Inc., D3Publisher of Europe Ltd., Now Production Co., Ltd.",Strategy,0,0,14.95,69,1,0,0,Strategy|Puzzle|ThirdPerson,E
Nintendo DS,Lost in Blue,0.07,2005,Konami,Role-Playing (RPG),0,0,24.95,69,1,0,0,RPG|Puzzle|ThirdPerson,Unknown
Sony PSP,Ghost in the Shell: Stand Alone Complex,0.07,2005,Sony,Action,0,0,14.95,61,1,1,0,Action|Anime|SciFi|Shooter|FirstPerson,M
Sony PSP,The Hustle: Detroit Streets,0.07,2005,Activision,Sports,0,0,7.95,51,1,1,1,Sports|Pool|Isometric,T
Nintendo DS,Dig Dug: Digging Strike,0.06,2005,Namco,Action,0,1,16.95,65,1,0,0,Action|Arcade|TopDown,E
Nintendo DS,Frogger: Helmet Chaos,0.06,2005,Konami,Action,1,0,17.95,69,1,0,1,Action|Puzzle|Platform|TopDown,E
Nintendo DS,Mega Man Battle Network 5: Double Team DS,0.06,2005,Capcom,"Action, Role-Playing (RPG)",1,0,17.95,68,1,0,0,Action|RPG|Anime|Puzzle|SciFi|Shooter|Isometric|ThirdPerson,E
Nintendo DS,Nanostray,0.06,2005,THQ,Action,0,0,17.95,71,1,0,0,Action|SciFi|Shooter|TopDown,E
Nintendo DS,Sega Casino,0.06,2005,Sega,Simulation,0,0,17.95,61,1,0,0,Simulation|Cards|Casino|TopDown,T
Nintendo DS,Teenage Mutant Ninja Turtles 3: Mutant Nightmare,0.06,2005,Konami,"Action, Adventure",1,0,17.95,58,1,0,1,Action|Adventure|Fighting|MartialArts|SideScrolling,E
Sony PSP,Pac-Man World 3,0.06,2005,EA,Action,1,0,24.95,61,1,1,1,Action|Platform|ThirdPerson,E
Sony PSP,Smart Bomb,0.06,2005,Eidos,"Action, Strategy",0,0,14.95,45,1,1,0,Action|Strategy|Puzzle|TopDown,E
Sony PSP,Tokobot,0.06,2005,"Take-Two Interactive Software Europe Ltd., Tecmo, Inc.",Strategy,0,0,17.95,72,1,0,0,Strategy|Anime|Puzzle|Platform|ThirdPerson,E
Nintendo DS,Fullmetal Alchemist: Dual Sympathy,0.05,2005,"Bandai Co., Ltd., Destineer",Action,1,0,14.95,58,1,0,0,Action|Anime|Fighting|SideScrolling|ThirdPerson,T
Sony PSP,Exit,0.05,2005,Ubisoft,Action,0,0,9.95,77,1,0,1,Action|Puzzle|Platform|SideScrolling|ThirdPerson,E
Nintendo DS,Bubble Bobble Revolution,0.04,2005,"Codemasters Software Company Limited, The, Rising Star Games Ltd.",Action,0,1,17.95,38,1,0,0,Action|Arcade|Platform|SideScrolling|ThirdPerson,E
Nintendo DS,Elf Bowling 1&2,0.02,2005,Ignition Entertainment Ltd. USA,"Action, Sports",0,0,17.95,12,2,0,0,Action|Sports|Bowling|ThirdPerson,E
Nintendo DS,The Rub Rabbits!,0.02,2005,Sega,"Action, Adventure",0,0,17.95,68,2,0,0,Action|Adventure|Puzzle|Isometric|TopDown|ThirdPerson,T
Nintendo DS,Rainbow Islands Revolution,0.02,2005,"Codemasters Software Company Limited, The, Rising Star Games Ltd., Taito Corporation",Action,0,1,14.95,54,1,0,0,Action|Arcade|Platform|ThirdPerson,E
Sony PSP,Kao Challengers,0.02,2005,Atari,Action,0,0,14.95,57,1,1,0,Action|Arcade|ThirdPerson,E
Nintendo DS,Electroplankton,0.01,2005,Nintendo,Simulation,0,0,29.95,71,1,0,0,Simulation|Meditative|RhythmAction,E
Nintendo DS,LifeSigns: Surgical Unit,0.01,2005,"DreamCatcher Interactive Inc., Spike Co., Ltd.","Simulation, Strategy",0,0,22.95,61,1,0,0,Simulation|Strategy|Anime|Puzzle|FirstPerson|TopDown,T
Nintendo DS,Space Invaders Revolution,0.01,2005,"Mastiff, LLC, Rising Star Games Ltd.",Action,1,0,13.95,49,1,0,0,Action|Arcade|SciFi|Shooter,E
Nintendo Wii,Wii Play,14.66,2006,Nintendo,"Action, Sports",0,0,14.95,58,2,0,0,Action|Sports|Fishing|PingPong|Pool|FirstPerson|ThirdPerson,E
Nintendo DS,New Super Mario Bros.,10.03,2006,Nintendo,Action,1,0,27.95,89,1,0,1,Action|Arcade|Platform|SideScrolling,E
Nintendo DS,Pokemon Diamond,6.77,2006,Nintendo,Role-Playing (RPG),1,0,27.95,85,1,0,0,RPG,E
Nintendo DS,Pokemon Pearl,6.77,2006,Nintendo,Role-Playing (RPG),1,0,26.95,85,1,0,0,RPG,E
X360,Gears of War,3.7,2006,Microsoft,Action,0,0,19.95,94,2,1,0,Action|SciFi|Shooter|ThirdPerson,M
Nintendo Wii,The Legend of Zelda: Twilight Princess,3.33,2006,Nintendo,"Action, Role-Playing (RPG)",1,0,39.95,95,1,0,1,Action|RPG|MedievalFantasy|Puzzle|ThirdPerson,T
Nintendo DS,Cooking Mama,2.9,2006,"505 GameStreet, Majesco Entertainment Company, Taito Corporation",Simulation,0,0,17.95,67,1,0,0,Simulation|FirstPerson,E
X360,Marvel Ultimate Alliance,2.42,2006,Activision,"Action, Role-Playing (RPG)",0,0,14.95,82,4,1,1,Action|RPG|Comics|Fighting|SciFi|ThirdPerson,T
Sony PSP,Daxter,2.38,2006,Sony,Action,1,0,14.95,85,1,1,0,Action|Platform|ThirdPerson,Unknown
X360,The Elder Scrolls IV: Oblivion,2.12,2006,2K,"Action, Role-Playing (RPG)",1,0,19.95,94,1,0,1,Action|RPG|MedievalFantasy|FirstPerson|ThirdPerson,M
X360,Madden NFL 07,1.77,2006,EA,Sports,1,0,4.95,80,2,1,1,Sports|AmericanFootball|ThirdPerson,E
Sony PSP,Grand Theft Auto: Vice City Stories,1.72,2006,Rockstar,"Action, Racing / Driving",1,0,17.95,86,1,1,1,Action|Racing|Fighting|Shooter|ThirdPerson,M
PlayStation 3,Resistance: Fall of Man,1.61,2006,Sony,Action,0,0,19.95,86,4,1,0,Action|SciFi|Shooter|FirstPerson,M
PlayStation 3,MotorStorm,1.58,2006,Sony,"Action, Racing / Driving, Sports",0,0,16.95,82,1,1,0,Action|Racing|Sports|Motorcycle|OffRoad|FirstPerson|ThirdPerson,T
X360,Call of Duty 3,1.51,2006,Activision,Action,1,0,16.95,82,2,1,1,Action|HistoricalBattle|Shooter|FirstPerson,T
Nintendo DS,Yoshi's Island DS,1.49,2006,Nintendo,Action,1,1,27.95,81,1,0,0,Action|Puzzle|Platform|SideScrolling|ThirdPerson,E
X360,Tom Clancy's Ghost Recon: Advanced Warfighter,1.46,2006,Ubisoft,Action,1,0,14.95,90,4,1,1,Action|Shooter|FirstPerson|ThirdPerson,T
X360,Fight Night Round 3,1.4,2006,EA,"Action, Sports",1,0,14.95,86,2,1,1,Action|Sports|Fighting|Boxing|ThirdPerson,T
Nintendo DS,Pokemon Ranger,1.36,2006,Nintendo,Role-Playing (RPG),1,0,19.95,69,1,0,0,RPG|Isometric|ThirdPerson,E
Nintendo Wii,Rayman Raving Rabbids,1.26,2006,Ubisoft,Action,0,0,17.95,76,4,0,1,Action|Boardgame|Puzzle|FirstPerson|ThirdPerson,E
X360,Saints Row,1.23,2006,THQ,"Action, Racing / Driving",0,0,14.95,81,1,1,0,Action|Racing|Fighting|Shooter|ThirdPerson,M
X360,Tom Clancy's Rainbow Six: Vegas,1.19,2006,Ubisoft,Action,1,0,14.95,88,2,1,1,Action|Shooter|FirstPerson|ThirdPerson,M
X360,Dead Rising,1.16,2006,Capcom,Action,0,0,16.95,85,1,0,0,Action|Shooter|SurvivalHorror|ThirdPerson,M
Nintendo Wii,Call of Duty 3,1.15,2006,Activision,Action,1,0,19.95,69,1,0,1,Action|HistoricalBattle|Shooter|FirstPerson,T
X360,Lost Planet: Extreme Condition,1.15,2006,Capcom,Action,0,0,12.95,79,1,1,1,Action|SciFi|Shooter|FirstPerson|ThirdPerson,T
Nintendo DS,Mario Hoops 3 on 3,1.03,2006,Nintendo,Sports,0,0,22.95,69,1,0,0,Sports|Basketball|ThirdPerson,E
Nintendo DS,LEGO Star Wars II: The Original Trilogy,1.02,2006,EA,Action,1,0,17.95,47,1,0,1,Action|Fighting|SciFi|Platform|ThirdPerson,E
Nintendo Wii,Super Monkey Ball: Banana Blitz,1.0,2006,Sega,Action,1,0,14.95,74,4,0,0,Action|Puzzle|ThirdPerson,E
Nintendo DS,The Sims 2: Pets,0.97,2006,EA,Simulation,1,0,14.95,49,1,0,1,Simulation|Puzzle|RealTime|ThirdPerson,E
Sony PSP,Need for Speed: Carbon - Own the City,0.93,2006,EA,Racing / Driving,1,0,16.95,73,1,1,1,Racing|FirstPerson|ThirdPerson,Unknown
Nintendo Wii,WarioWare: Smooth Moves,0.9,2006,Nintendo,"Action, Racing / Driving, Sports",1,0,39.95,83,6,0,0,Action|Racing|Sports|Boardgame|RhythmAction|Bowling|Tricks|FirstPerson,Unknown
PlayStation 3,Fight Night Round 3,0.86,2006,EA,"Action, Sports",1,0,13.95,83,2,1,1,Action|Sports|Fighting|Boxing|ThirdPerson,T
Nintendo DS,Final Fantasy III,0.86,2006,SquareEnix,Role-Playing (RPG),1,1,17.95,77,1,1,0,RPG|Anime|MedievalFantasy|Puzzle|SciFi|TurnBased|TopDown|ThirdPerson,Unknown
Sony PSP,SOCOM: U.S. Navy SEALs - Fireteam Bravo 2,0.86,2006,Sony,Action,1,0,16.95,81,1,0,0,Action|Shooter|ThirdPerson,T
Sony PSP,Madden NFL 07,0.83,2006,EA,Sports,1,0,9.95,78,1,0,1,Sports|AmericanFootball|ThirdPerson,E
Nintendo Wii,Monster 4x4: World Circuit,0.82,2006,Ubisoft,Racing / Driving,0,0,12.95,51,4,0,0,Racing|FirstPerson|ThirdPerson,E
Nintendo DS,Kirby: Squeak Squad,0.82,2006,Nintendo,Action,1,0,27.95,71,1,0,0,Action|Puzzle|Platform,E
Nintendo Wii,Pokemon Battle Revolution,0.81,2006,Nintendo,"Action, Strategy",1,0,39.95,53,4,1,0,Action|Strategy|Anime|ThirdPerson,E
Sony PSP,Medal of Honor: Heroes,0.81,2006,EA,Action,1,0,14.95,71,1,1,0,Action|HistoricalBattle|Shooter|FirstPerson,T
Sony PSP,Tekken: Dark Resurrection,0.81,2006,Namco,Action,1,1,17.95,88,1,1,0,Action|Arcade|Fighting|ThirdPerson,T
X360,Need for Speed: Carbon,0.78,2006,EA,Racing / Driving,1,0,16.95,77,2,1,1,Racing|FirstPerson|ThirdPerson,Unknown
Nintendo DS,Mario vs. Donkey Kong 2: March of the Minis,0.77,2006,Nintendo,Action,1,0,27.95,76,1,0,0,Action|Puzzle|RealTime|Platform,E
Sony PSP,Sonic Rivals,0.76,2006,Sega,"Action, Racing / Driving",0,0,17.95,64,1,0,0,Action|Racing|SideScrolling|ThirdPerson,E
Sony PSP,Disney/Pixar Cars,0.71,2006,THQ,Racing / Driving,0,0,12.95,70,4,0,1,Racing|FirstPerson|ThirdPerson,E
X360,NCAA Football 07,0.7,2006,EA,Sports,1,0,4.95,79,2,1,1,Sports|AmericanFootball|ThirdPerson,E
Sony PSP,Mortal Kombat: Unchained,0.67,2006,Midway,Action,0,1,17.95,70,2,1,0,Action|Chess|Fighting|MartialArts|Puzzle|ThirdPerson,M
Sony PSP,MX vs. ATV: On the Edge,0.67,2006,THQ,"Racing / Driving, Sports",1,0,16.95,68,1,1,0,Racing|Sports|Motorcycle|OffRoad|FirstPerson|ThirdPerson,E
X360,Tom Clancy's Splinter Cell: Double Agent,0.67,2006,Ubisoft,Action,1,0,17.95,85,1,1,1,Action|Shooter|Spy|Stealth|FirstPerson|ThirdPerson,M
Nintendo DS,Tetris DS,0.66,2006,Nintendo,Strategy,1,1,17.95,84,1,1,0,Strategy|Puzzle|RealTime|ThirdPerson,E
Sony PSP,LEGO Star Wars II: The Original Trilogy,0.61,2006,"LucasArts, TT Games Publishing Ltd",Action,1,0,17.95,83,2,1,1,Action|Fighting|SciFi|Platform|ThirdPerson,Unknown
Nintendo Wii,Red Steel,0.58,2006,Ubisoft,Action,0,0,14.95,63,4,0,0,Action|MartialArts|Shooter|FirstPerson,T
Nintendo DS,Metroid Prime: Hunters,0.58,2006,Nintendo,Action,1,0,27.95,85,1,0,0,Action|Cyberpunk|Puzzle|SciFi|Shooter|SurvivalHorror|FirstPerson,T
X360,LEGO Star Wars II: The Original Trilogy,0.57,2006,"LucasArts, TT Games Publishing Ltd",Action,1,0,14.95,81,2,0,0,Action|Fighting|SciFi|Platform|ThirdPerson,Unknown
X360,NBA 2K7 ,0.56,2006,2K,Sports,1,0,4.95,84,1,0,1,Sports,E
Sony PSP,SEGA Genesis Collection,0.55,2006,Sega,"Action, Racing / Driving, Role-Playing (RPG), Strategy",0,1,17.95,82,2,1,1,Action|Racing|RPG|Strategy|Anime|Arcade|Boardgame|Comics|Fighting|Helicoptor|Horror|MartialArts|MedievalFantasy|Puzzle|SciFi|Shooter|Stealth|TurnBased|FirstPerson|Platform|Isometric|SideScrolling|TopDown|ThirdPerson,T
PlayStation 3,Call of Duty 3,0.52,2006,Activision,Action,1,0,19.95,80,1,1,1,Action|HistoricalBattle|Shooter|FirstPerson,T
Sony PSP,NBA Live 07,0.51,2006,EA,Sports,1,0,7.95,64,1,1,1,Sports|Basketball|ThirdPerson,E
Nintendo Wii,GT Pro Series,0.49,2006,Ubisoft,Racing / Driving,0,0,14.95,41,4,0,0,Racing|FirstPerson|ThirdPerson,E
PlayStation 3,Madden NFL 07,0.49,2006,EA,Sports,1,0,6.95,76,2,1,1,Sports|AmericanFootball|ThirdPerson,E
Sony PSP,SpongeBob SquarePants: The Yellow Avenger,0.49,2006,THQ,Action,0,0,12.95,48,1,1,1,Action|Puzzle|Platform|SideScrolling|ThirdPerson,E
Nintendo Wii,Madden NFL 07,0.48,2006,EA,Sports,1,0,9.95,81,4,0,1,Sports|AmericanFootball|ThirdPerson,E
Sony PSP,Fight Night Round 3,0.48,2006,EA,"Action, Simulation, Sports",1,0,16.95,74,2,0,1,Action|Simulation|Sports|Fighting|Boxing|ThirdPerson,T
PlayStation 3,Need for Speed: Carbon,0.47,2006,EA,Racing / Driving,1,0,17.95,75,2,1,1,Racing|FirstPerson|ThirdPerson,Unknown
Nintendo Wii,Need for Speed: Carbon,0.47,2006,EA,Racing / Driving,1,0,17.95,67,2,0,1,Racing|FirstPerson|ThirdPerson,Unknown
X360,WWE SmackDown vs. Raw 2007,0.45,2006,THQ,Sports,1,0,12.95,81,4,1,1,Sports|Wrestling|ThirdPerson,T
X360,Tiger Woods PGA Tour 07,0.45,2006,EA,Sports,1,0,9.95,80,1,0,1,Sports|Golf|ThirdPerson,E
X360,Viva Pirata,0.44,2006,Microsoft,"Simulation, Strategy",0,0,16.95,84,4,1,0,Simulation|Strategy|Managerial|Puzzle|ThirdPerson,E
Nintendo Wii,SpongeBob Squarepants: Creature from the Krusty Krab,0.44,2006,THQ,"Action, Adventure",0,0,14.95,57,1,0,1,Action|Adventure|ThirdPerson,E
Sony PSP,Tony Hawk's Project 8,0.42,2006,Activision,Sports,1,0,17.95,68,2,1,1,Sports|Skateboarding|ThirdPerson,T
X360,Tony Hawk's Project 8,0.42,2006,Activision,Sports,1,0,16.95,81,2,1,1,Sports|Skateboarding|ThirdPerson,T
X360,NBA LIVE 07 ,0.42,2006,EA,Sports,1,0,4.95,59,1,0,1,Sports,E
Nintendo Wii,Excite Truck,0.4,2006,Nintendo,Racing / Driving,1,0,19.95,72,2,0,0,Racing|Tricks|ThirdPerson,E
Nintendo DS,Harvest Moon DS,0.4,2006,"Natsume, Inc., Rising Star Games Ltd.","Role-Playing (RPG), Simulation",0,0,17.95,67,1,0,0,RPG|Simulation|Isometric,E
Nintendo DS,Star Fox Command,0.39,2006,Nintendo,Action,1,0,14.95,76,1,1,0,Action|Arcade|Flight|SciFi|Shooter|FirstPerson|ThirdPerson,Unknown
Sony PSP,Metal Gear Solid: Portable Ops,0.39,2006,Konami,"Action, Strategy",0,0,17.95,87,1,1,0,Action|Strategy|RealTime|Shooter|Spy|Stealth|FirstPerson|ThirdPerson,M
Nintendo Wii,Marvel Ultimate Alliance,0.38,2006,Activision,"Action, Role-Playing (RPG)",0,0,17.95,73,4,0,1,Action|RPG|Comics|Fighting|SciFi|ThirdPerson,T
X360,Blazing Angels: Squadrons of WWII,0.37,2006,Ubisoft,Action,0,0,16.95,66,2,1,1,Action|Flight|HistoricalBattle|ThirdPerson,T
X360,Major League Baseball 2K6,0.37,2006,2K,Sports,1,0,4.95,66,2,0,1,Sports|Baseball|FirstPerson|ThirdPerson,E
Sony PSP,NCAA Football 07,0.36,2006,EA,Sports,1,0,9.95,75,1,0,1,Sports|AmericanFootball|ThirdPerson,E
Sony PSP,MLB 06: The Show,0.35,2006,Sony,Sports,1,0,9.95,83,2,0,1,Sports|Baseball|FirstPerson|ThirdPerson,E
PlayStation 3,Blazing Angels: Squadrons of WWII,0.35,2006,Ubisoft,Action,0,0,16.95,67,2,1,1,Action|Flight|HistoricalBattle|ThirdPerson,T
Sony PSP,WWE SmackDown vs. Raw 2007,0.34,2006,THQ,Sports,1,0,14.95,78,4,1,1,Sports|Wrestling|ThirdPerson,T
Nintendo DS,Rune Factory: A Fantasy Harvest Moon,0.34,2006,"Marvelous Interactive, Inc.","Role-Playing (RPG), Simulation",0,0,24.95,78,1,0,0,RPG|Simulation|Managerial|RealTime|TopDown,E
Sony PSP,Marvel Ultimate Alliance,0.34,2006,Activision,"Action, Role-Playing (RPG)",0,0,22.95,81,1,1,1,Action|RPG|Comics|Fighting|SciFi|ThirdPerson,T
PlayStation 3,Marvel Ultimate Alliance,0.33,2006,Activision,"Action, Role-Playing (RPG)",0,0,24.95,78,4,1,1,Action|RPG|Comics|Fighting|SciFi|ThirdPerson,T
PlayStation 3,Tiger Woods PGA Tour 07,0.32,2006,EA,Sports,1,0,14.95,81,4,1,1,Sports|Golf|ThirdPerson,E
Sony PSP,Ace Combat X: Skies of Deception,0.32,2006,Namco,"Action, Simulation",1,0,22.95,75,1,1,0,Action|Simulation|Flight|FirstPerson,T
Sony PSP,Killzone: Liberation,0.32,2006,Sony,"Action, Strategy",1,0,16.95,77,1,1,0,Action|Strategy|SciFi|Shooter|Tank|TopDown|ThirdPerson,T
X360,F.E.A.R.: First Encounter Assault Recon,0.32,2006,"Sierra Entertainment, Inc., Vivendi Universal Games, Inc.",Action,0,0,17.95,85,1,1,0,Action|Horror|Shooter|FirstPerson,M
PlayStation 3,NBA 2K7,0.31,2006,2K,Sports,1,0,7.95,80,7,1,1,Sports|Basketball,E
PlayStation 3,Tony Hawk's Project 8,0.3,2006,Activision,Sports,1,0,14.95,76,2,0,1,Sports|Skateboarding|ThirdPerson,T
Nintendo DS,Avatar: The Last Airbender,0.3,2006,THQ,Action,0,0,17.95,64,1,0,1,Action|Anime|Fighting|MedievalFantasy|Puzzle|TopDown,E
Nintendo DS,Castlevania: Portrait of Ruin,0.3,2006,Konami,Action,1,0,17.95,85,1,1,0,Action|Puzzle|Platform|SideScrolling|ThirdPerson,T
X360,Hitman: Blood Money,0.29,2006,Eidos,Action,1,0,22.95,82,1,0,1,Action|Shooter|Stealth|FirstPerson|ThirdPerson,M
X360,Rockstar Games presents Table Tennis,0.28,2006,Rockstar,Sports,0,0,9.95,81,2,1,1,Sports|PingPong|ThirdPerson,E
Nintendo Wii,Trauma Center: Second Opinion,0.28,2006,Nintendo,"Action, Simulation",1,0,17.95,80,1,0,0,Action|Simulation|Anime|Arcade|Puzzle|SciFi|FirstPerson,T
X360,Tenchu Z,0.28,2006,Microsoft,Action,1,0,14.95,56,1,1,0,Action|MedievalFantasy|Spy|Stealth|ThirdPerson,M
Nintendo DS,Elite Beat Agents,0.27,2006,Nintendo,Action,0,0,9.95,87,1,0,0,Action|Anime|RhythmAction|ThirdPerson,Unknown
Sony PSP,Street Fighter Alpha 3 MAX,0.27,2006,Capcom,Action,1,1,14.95,80,1,1,0,Action|Fighting|ThirdPerson,T
X360,Blue Dragon,0.27,2006,Microsoft,Role-Playing (RPG),0,0,14.95,79,1,0,0,RPG|Anime|MedievalFantasy|RealTime|SciFi|TurnBased|ThirdPerson,T
X360,The Lord of the Rings: The Battle for Middle Ea...,0.27,2006,EA,Strategy,1,0,19.95,79,1,1,0,Strategy|MedievalFantasy|Naval|RealTime|Isometric,T
X360,Prey,0.27,2006,2K,Action,0,0,14.95,79,1,1,0,Action|Puzzle|SciFi|FirstPerson,M
Nintendo DS,Over the Hedge,0.26,2006,Activision,Adventure,0,0,16.95,71,1,0,1,Adventure|Puzzle|Stealth|ThirdPerson,E
Sony PSP,Capcom Classics Collection Reloaded,0.26,2006,Capcom,Action,0,1,17.95,75,1,1,0,Action|Anime|Arcade|Fighting|Horror|MedievalFantasy|Puzzle|Shooter|Platform|SideScrolling|TopDown,T
Sony PSP,FIFA Soccer 07,0.26,2006,EA,Sports,1,0,13.95,80,1,0,1,Sports|Managerial|Soccer|SideScrolling|TopDown|ThirdPerson,E
Sony PSP,Pirates of the Caribbean: Dead Man's Chest,0.26,2006,"Buena Vista Games, Inc.",Action,1,0,14.95,52,1,1,1,Action|Fighting|Naval|Puzzle|ThirdPerson,T
X360,NHL 07 ,0.26,2006,EA,Sports,1,0,5.95,79,1,0,1,Sports,Unknown
Sony PSP,Monster Hunter Freedom,0.25,2006,Capcom,"Action, Strategy",0,0,12.95,71,1,1,0,Action|Strategy|MedievalFantasy|Puzzle|RealTime|ThirdPerson,T
X360,Chromehounds,0.25,2006,Sega,"Action, Simulation, Strategy",0,0,14.95,71,1,1,0,Action|Simulation|Strategy|Battlemech|SciFi|FirstPerson|ThirdPerson,T
X360,Test Drive Unlimited,0.25,2006,Atari,Racing / Driving,1,0,17.95,82,1,1,1,Racing|FirstPerson|ThirdPerson,Unknown
Nintendo Wii,Dragon Ball Z: Budokai Tenkaichi 2,0.24,2006,Atari,Action,1,0,14.95,72,2,0,1,Action|Anime|Fighting|ThirdPerson,T
Nintendo DS,Dragon Quest Monsters: Joker,0.24,2006,SquareEnix,Role-Playing (RPG),1,0,14.95,75,1,1,0,RPG|Anime|MedievalFantasy|TurnBased|ThirdPerson,Unknown
Nintendo DS,Pirates of the Caribbean: Dead Man's Chest,0.24,2006,"D3Publisher Inc., Buena Vista Games, Inc.",Action,1,0,11.95,63,1,0,1,Action|Fighting|Naval|Puzzle|ThirdPerson,T
Sony PSP,NFL Street 3,0.24,2006,EA,"Action, Sports",1,0,14.95,68,1,1,0,Action|Sports|AmericanFootball|Tricks|ThirdPerson,E
Sony PSP,Syphon Filter: Dark Mirror,0.24,2006,Sony,Action,1,0,12.95,87,1,1,1,Action|Shooter|FirstPerson|ThirdPerson,M
PlayStation 3,NBA 07,0.23,2006,Sony,Sports,1,0,6.95,63,4,1,0,Sports|Basketball|ThirdPerson,E
X360,FIFA World Cup: Germany 2006,0.23,2006,EA,Sports,1,0,14.95,72,4,1,1,Sports|Soccer|Isometric|TopDown|ThirdPerson,E
PlayStation 3,Ridge Racer 7,0.23,2006,Namco,Racing / Driving,1,0,19.95,78,2,1,0,Racing|FirstPerson|ThirdPerson,E
X360,The Outfit,0.23,2006,THQ,Action,0,0,14.95,70,2,1,0,Action|Shooter|ThirdPerson,M
Nintendo Wii,Elebits,0.22,2006,Konami,Action,0,0,14.95,75,4,0,0,Action|Anime|Puzzle|FirstPerson,E
Nintendo DS,Tony Hawk's Downhill Jam,0.22,2006,Activision,"Racing / Driving, Sports",1,0,14.95,76,1,1,1,Racing|Sports|Skateboarding|ThirdPerson,E
Sony PSP,The Sims 2: Pets,0.21,2006,EA,Simulation,1,0,17.95,57,1,0,1,Simulation|Puzzle|RealTime|ThirdPerson,T
Sony PSP,Tiger Woods PGA Tour 07,0.21,2006,EA,Sports,1,0,12.95,78,1,0,1,Sports|Golf|ThirdPerson,E
X360,Disney/Pixar Cars,0.2,2006,THQ,"Action, Racing / Driving",0,0,16.95,65,2,0,1,Action|Racing|FirstPerson|ThirdPerson,E
Sony PSP,Thrillville,0.2,2006,Atari,"Simulation, Strategy",0,0,14.95,72,1,1,1,Simulation|Strategy|Boardgame|Managerial|RealTime|FirstPerson|ThirdPerson,Unknown
X360,The Godfather: The Game,0.2,2006,EA,Action,0,0,17.95,77,1,0,1,Action|ThirdPerson,M
Nintendo Wii,Rampage: Total Destruction,0.19,2006,Midway,Action,1,0,16.95,46,4,0,1,Action|Arcade|SideScrolling|ThirdPerson,Unknown
X360,College Hoops 2K7,0.19,2006,2K,Sports,1,0,6.95,82,4,1,1,Sports|Basketball|ThirdPerson,E
X360,Far Cry: Instincts - Predator,0.19,2006,Ubisoft,Action,1,0,17.95,78,4,1,0,Action|Shooter|Stealth|FirstPerson,M
X360,Full Auto,0.19,2006,Sega,"Action, Racing / Driving",0,0,16.95,70,2,1,0,Action|Racing|ThirdPerson,T
Nintendo DS,Age of Empires: The Age of Kings,0.19,2006,"Majesco Entertainment Company, Majesco Europe Ltd.",Strategy,1,0,17.95,80,1,0,0,Strategy|HistoricalBattle|TurnBased|Isometric,Unknown
Nintendo DS,Need for Speed: Carbon - Own the City,0.19,2006,EA,"Action, Racing / Driving",1,0,14.95,70,1,0,1,Action|Racing|ThirdPerson,E
Sony PSP,Brothers in Arms: D-Day,0.19,2006,Ubisoft,Action,1,0,6.95,65,1,1,0,Action|HistoricalBattle|Shooter|FirstPerson|ThirdPerson,M
Sony PSP,Family Guy Video Game!,0.19,2006,2K,Action,0,0,19.95,51,1,0,1,Action|Fighting|Puzzle|Shooter|Stealth|Platform|ThirdPerson,M
X360,Superman Returns,0.19,2006,EA,Action,0,0,7.95,51,1,0,1,Action|Comics|Fighting|SciFi|ThirdPerson,T
X360,Over G Fighters,0.18,2006,Ubisoft,Simulation,0,0,17.95,49,2,1,0,Simulation|Flight|FirstPerson|ThirdPerson,T
X360,Final Fantasy XI Online,0.18,2006,SquareEnix,"Action, Role-Playing (RPG)",1,0,4.95,66,1,1,0,Action|RPG|PersistentUniverse|ThirdPerson,T
Nintendo DS,Mystery Dungeon: Shiren the Wanderer,0.17,2006,Sega,"Action, Role-Playing (RPG)",0,0,17.95,69,1,0,0,Action|RPG|MedievalFantasy|TurnBased|TopDown,E
Nintendo DS,Phoenix Wright: Ace Attorney - Justice for All,0.17,2006,Capcom,"Adventure, Simulation",1,0,13.95,76,1,0,0,Adventure|Simulation|Anime|Detective|Puzzle|FirstPerson,T
Sony PSP,Justice League Heroes,0.17,2006,Warner Bros. Interactive Entertainment Inc.,Action,0,0,17.95,72,1,0,1,Action|Comics|Fighting|SciFi|TopDown|ThirdPerson,T
Sony PSP,Valhalla Knights,0.17,2006,"Marvelous Interactive, Inc., XSEED Games","Action, Role-Playing (RPG)",0,0,16.95,53,1,0,0,Action|RPG|MedievalFantasy|RealTime|ThirdPerson,Unknown
PlayStation 3,Genji: Days of the Blade,0.17,2006,Sony,"Action, Role-Playing (RPG)",1,0,14.95,55,1,0,0,Action|RPG|MedievalFantasy|ThirdPerson,T
X360,Top Spin 2,0.16,2006,2K,Sports,1,0,12.95,75,4,1,0,Sports|Tennis|ThirdPerson,E
Sony PSP,Field Commander,0.16,2006,Sony,Strategy,0,0,14.95,77,2,1,0,Strategy|ThirdPerson,T
Nintendo DS,Children of Mana,0.16,2006,Nintendo,"Action, Role-Playing (RPG)",1,0,16.95,65,1,0,0,Action|RPG|Anime|MedievalFantasy|TopDown|ThirdPerson,Unknown
Sony PSP,Valkyrie Profile: Lenneth,0.16,2006,SquareEnix,Role-Playing (RPG),1,0,22.95,80,1,0,0,RPG|Anime|MedievalFantasy|TurnBased|SideScrolling|ThirdPerson,T
Nintendo DS,Brain Boost: Beta Wave,0.15,2006,Majesco Entertainment Company,Simulation,0,0,12.95,39,1,0,0,Simulation|MentalTraining,E
Nintendo DS,Brain Boost: Gamma Wave,0.15,2006,Majesco Entertainment Company,Strategy,1,0,13.95,40,1,0,0,Strategy|MentalTraining,E
Nintendo DS,Monster House,0.15,2006,THQ,Action,0,0,14.95,62,1,0,0,Action|Shooter|TopDown,E
X360,Enchanted Arms,0.15,2006,Ubisoft,Role-Playing (RPG),0,0,17.95,69,1,1,1,RPG|MedievalFantasy|Puzzle|TurnBased|ThirdPerson,T
Sony PSP,NHL 07,0.14,2006,EA,Sports,1,0,12.95,76,4,0,1,Sports|Hockey|ThirdPerson,Unknown
Sony PSP,Bust-a-Move Deluxe,0.14,2006,"505 GameStreet, Digital Bros. S.p.A., Majesco Entertainment Company, Taito Corporation",Strategy,1,0,14.95,73,2,1,0,Strategy|Puzzle|RealTime|ThirdPerson,E
PlayStation 3,Full Auto 2: Battlelines,0.14,2006,Sega,"Action, Racing / Driving",1,0,14.95,67,2,1,1,Action|Racing|Shooter|ThirdPerson,T
X360,Blitz: The League,0.14,2006,Midway,Sports,0,0,14.95,69,2,1,0,Sports|AmericanFootball|TopDown,M
X360,Star Trek Legacy,0.14,2006,Ubisoft,"Action, Strategy",0,0,24.95,64,2,1,0,Action|Strategy|RealTime|SciFi|ThirdPerson,Unknown
Nintendo DS,Eragon,0.14,2006,"Sierra Entertainment, Inc., Vivendi Universal Games, Inc.","Action, Role-Playing (RPG)",0,0,16.95,63,1,0,1,Action|RPG|MedievalFantasy|RealTime|FirstPerson|ThirdPerson,T
Nintendo DS,Master of Illusion,0.14,2006,Nintendo,Strategy,0,0,14.95,69,1,0,0,Strategy|Boardgame|Cards|Puzzle|TopDown,E
Nintendo DS,Mega Man ZX,0.14,2006,Capcom,Action,1,0,19.95,76,1,0,0,Action|Anime|Puzzle|SciFi|Shooter|Platform|SideScrolling|ThirdPerson,E
Sony PSP,Untold Legends: The Warrior's Code,0.14,2006,Sony,"Action, Role-Playing (RPG)",1,0,14.95,65,1,1,0,Action|RPG|MedievalFantasy|TopDown|ThirdPerson,T
Nintendo Wii,Super Swing Golf,0.14,2006,"Tecmo, Inc.",Sports,0,0,16.95,72,1,0,0,Sports|Anime|Golf|ThirdPerson,Unknown
X360,World Series of Poker: Tournament of Champions,0.14,2006,Activision,Sports,0,0,14.95,69,1,1,1,Sports|Cards|Casino,T
X360,X-Men: The Official Game,0.14,2006,Activision,Action,0,0,14.95,52,1,0,1,Action|Comics|Fighting|Flight|SciFi|Shooter|ThirdPerson,T
PlayStation 3,Untold Legends: Dark Kingdom,0.13,2006,EA,"Action, Role-Playing (RPG)",1,0,16.95,58,2,1,0,Action|RPG|MedievalFantasy|ThirdPerson,T
Nintendo Wii,Happy Feet,0.13,2006,Midway,Action,0,0,14.95,46,2,0,1,Action|Puzzle|RhythmAction|ThirdPerson,E
Nintendo DS,Open Season,0.13,2006,Ubisoft,Action,0,0,17.95,72,1,0,1,Action|Puzzle|Platform|SideScrolling|ThirdPerson,E
Sony PSP,Dungeon Siege: Throne of Agony,0.13,2006,2K,Role-Playing (RPG),1,0,24.95,74,1,0,0,RPG|MedievalFantasy|RealTime|Isometric,T
Sony PSP,LocoRoco,0.13,2006,Sony,"Action, Strategy",0,0,17.95,83,1,1,0,Action|Strategy|Puzzle|Platform|SideScrolling|ThirdPerson,E
X360,Dead or Alive: Xtreme 2,0.13,2006,"Tecmo, Inc., Tecmo, Ltd.","Racing / Driving, Sports",1,0,14.95,53,1,1,0,Racing|Sports|Adult|Casino|Sailing|Volleyball|FirstPerson|ThirdPerson,T
X360,Fuzion Frenzy 2,0.12,2006,Microsoft,"Action, Sports",1,0,14.95,49,4,1,0,Action|Sports|Arcade|Boardgame|SciFi|Pool|Skateboarding|Tricks|Isometric,Unknown
X360,MotoGP '06,0.12,2006,THQ,"Racing / Driving, Simulation, Sports",1,0,14.95,80,4,1,0,Racing|Simulation|Sports|Motorcycle|FirstPerson|ThirdPerson,E
Sony PSP,Lumines II,0.12,2006,"Buena Vista Games, Inc.",Strategy,1,0,14.95,81,2,1,0,Strategy|Puzzle|RhythmAction,Unknown
Nintendo DS,Tamagotchi Connexion: Corner Shop,0.12,2006,Namco,Simulation,0,0,15.95,59,1,0,0,Simulation|Anime|Puzzle|RhythmAction|ThirdPerson,E
Sony PSP,Major League Baseball 2K6,0.12,2006,2K,Sports,1,0,4.95,69,1,0,1,Sports|Baseball|FirstPerson|ThirdPerson,E
Sony PSP,Star Wars: Lethal Alliance,0.12,2006,Ubisoft,Action,1,0,17.95,61,1,1,0,Action|Puzzle|SciFi|Shooter|Stealth|FirstPerson|ThirdPerson,T
Sony PSP,Worms: Open Warfare,0.12,2006,THQ,"Action, Strategy",0,0,17.95,70,1,1,1,Action|Strategy|SideScrolling,Unknown
Sony PSP,Eragon,0.11,2006,"Sierra Entertainment, Inc., Vivendi Universal Games, Inc.",Action,0,0,14.95,59,4,1,1,Action|MedievalFantasy|RealTime|ThirdPerson,T
Nintendo Wii,Metal Slug Anthology,0.11,2006,"Ignition Entertainment Ltd., SNK Playmore Corp., SNK Playmore USA Corp.",Action,0,1,16.95,73,4,0,1,Action|Shooter|SideScrolling,T
X360,Open Season,0.11,2006,Ubisoft,Action,0,0,14.95,59,4,0,1,Action|Puzzle|ThirdPerson,Unknown
Nintendo Wii,Tom Clancy's Splinter Cell: Double Agent,0.11,2006,Ubisoft,Action,1,0,17.95,61,2,0,1,Action|Shooter|Spy|Stealth|FirstPerson|ThirdPerson,M
Sony PSP,Avatar: The Last Airbender,0.11,2006,THQ,Action,0,0,17.95,57,1,0,1,Action|Anime|Fighting|MedievalFantasy|Puzzle|TopDown,Unknown
Sony PSP,FIFA World Cup: Germany 2006,0.11,2006,EA,Sports,1,0,17.95,72,1,1,1,Sports|Soccer|Isometric|TopDown|ThirdPerson,E
Sony PSP,Lemmings,0.11,2006,Sony,Strategy,0,1,17.95,76,1,0,0,Strategy|Puzzle|RealTime|SideScrolling,E
Sony PSP,Mega Man Powered Up,0.11,2006,Capcom,Action,0,1,16.95,82,1,0,0,Action|Shooter|SideScrolling,E
X360,College Hoops 2K6,0.11,2006,2K,Sports,1,0,6.95,70,1,0,1,Sports|Basketball|ThirdPerson,E
X360,Dynasty Warriors 5: Empires,0.1,2006,"KOEI Co., Ltd.","Action, Role-Playing (RPG), Strategy",1,0,14.95,61,2,0,1,Action|RPG|Strategy|Fighting|HistoricalBattle|Managerial|MedievalFantasy|RealTime|TurnBased|FirstPerson|ThirdPerson,T
Nintendo DS,Magical Starsign,0.1,2006,Nintendo,Role-Playing (RPG),0,0,9.95,69,1,0,0,RPG|MedievalFantasy|Puzzle|SciFi|ThirdPerson,E
Nintendo DS,Resident Evil: Deadly Silence,0.1,2006,Capcom,Action,0,1,17.95,71,1,0,0,Action|SurvivalHorror|FirstPerson|ThirdPerson,M
Nintendo DS,X-Men: The Official Game,0.1,2006,Activision,Action,0,0,14.95,50,1,0,1,Action|Comics|Fighting|Flight|SciFi|Shooter|TopDown|ThirdPerson,Unknown
Sony PSP,NBA Ballers: Rebound,0.1,2006,Midway,"Action, Sports",1,0,14.95,69,1,0,0,Action|Sports|Arcade|Basketball|ThirdPerson,E
Sony PSP,World Series of Poker: Tournament of Champions,0.1,2006,Activision,Sports,1,0,16.95,70,1,1,1,Sports|Cards|Casino,T
X360,Cabela's African Safari,0.1,2006,Activision,Sports,1,0,17.95,53,1,0,0,Sports|Hunting|FirstPerson|ThirdPerson,T
X360,Cabela's Alaskan Adventures,0.1,2006,Activision,Sports,1,0,17.95,48,1,0,0,Sports|Fishing|Hunting|FirstPerson|ThirdPerson,T
PlayStation 3,Armored Core 4,0.09,2006,Sega,Action,1,0,19.95,65,2,1,1,Action|Battlemech|SciFi|Shooter|FirstPerson|ThirdPerson,T
X360,Eragon,0.09,2006,"Sierra Entertainment, Inc., Vivendi Games",Action,0,0,12.95,48,2,0,1,Action|MedievalFantasy|RealTime|ThirdPerson,T
Nintendo DS,LostMagic,0.09,2006,Ubisoft,"Action, Role-Playing (RPG)",0,0,14.95,68,1,1,0,Action|RPG|Anime|MedievalFantasy|RealTime|TopDown,E
Nintendo DS,Magnetica,0.09,2006,Nintendo,"Action, Strategy",0,0,17.95,68,1,0,0,Action|Strategy|Puzzle|TopDown,E
Sony PSP,Def Jam Fight for NY: The Takeover,0.09,2006,EA,Action,1,0,17.95,79,1,0,0,Action|Fighting|SideScrolling,M
Sony PSP,NASCAR 07,0.09,2006,EA,"Racing / Driving, Simulation",1,0,24.95,66,1,0,1,Racing|Simulation|FirstPerson|ThirdPerson,E
Nintendo Wii,The Ant Bully,0.09,2006,Midway,Action,0,0,16.95,45,1,0,1,Action|ThirdPerson,Unknown
X360,Just Cause,0.09,2006,Eidos,"Action, Racing / Driving",0,0,16.95,73,1,0,1,Action|Racing|Helicoptor|Shooter|Spy,M
X360,Onechanbara: Bikini Samurai Squad,0.09,2006,"D3Publisher Inc., D3Publisher of America, Inc., D3Publisher of Europe Ltd.",Action,0,0,19.95,39,1,0,0,Action|MartialArts|MedievalFantasy|Shooter|SurvivalHorror|ThirdPerson,M
X360,Phantasy Star Universe,0.09,2006,Sega,Role-Playing (RPG),1,0,24.95,64,1,1,1,RPG|Anime|PersistentUniverse|SciFi|ThirdPerson,T
X360,Project Sylpheed: Arc of Deception,0.09,2006,Microsoft,Action,0,0,14.95,64,1,0,0,Action|Arcade|SciFi|Shooter|ThirdPerson,T
X360,Winning Eleven: Pro Evolution Soccer 2007,0.08,2006,Konami,Sports,1,0,11.95,80,6,1,1,Sports|Soccer|Isometric|TopDown,E
Nintendo Wii,Kororinpa: Marble Mania,0.08,2006,Nintendo,"Action, Strategy",0,0,17.95,69,2,0,0,Action|Strategy|Puzzle|ThirdPerson,E
Nintendo DS,Charlotte's Web,0.08,2006,Sega,Action,0,0,14.95,60,1,0,0,Action|Puzzle|Platform,E
Nintendo DS,Digimon World DS,0.08,2006,Namco,Role-Playing (RPG),0,0,27.95,49,1,0,0,RPG|Anime|Isometric,Unknown
Nintendo DS,Justice League Heroes,0.08,2006,Warner Bros. Interactive Entertainment Inc.,Action,0,0,17.95,43,1,0,1,Action|Comics|Fighting|SciFi|TopDown|ThirdPerson,Unknown
Sony PSP,Innocent Life: A Futuristic Harvest Moon,0.08,2006,"Marvelous Interactive, Inc., Natsume, Inc., Rising Star Games Ltd.","Role-Playing (RPG), Simulation, Strategy",1,0,17.95,67,1,0,0,RPG|Simulation|Strategy|RealTime|ThirdPerson,E
Sony PSP,Power Stone Collection,0.08,2006,Capcom,Action,0,1,14.95,74,1,1,0,Action|Fighting|ThirdPerson,T
Sony PSP,EA Replay,0.07,2006,EA,"Action, Role-Playing (RPG), Simulation, Sports, Strategy",0,1,14.95,56,4,1,0,Action|RPG|Simulation|Sports|Strategy|Arcade|Cyberpunk|Flight|Helicoptor|MartialArts|MedievalFantasy|Pinball|RealTime|SciFi|Shooter|TurnBased|AmericanFootball|Motorcycle|FirstPerson|Platform|Isometric|TopDown|ThirdPerson,T
Nintendo Wii,Open Season,0.07,2006,Ubisoft,Action,0,0,17.95,49,4,0,1,Action|Puzzle|ThirdPerson,Unknown
X360,Samurai Warriors 2,0.07,2006,"KOEI Corporation, KOEI Ltd.",Action,1,0,14.95,52,4,1,1,Action|HistoricalBattle|MartialArts|MedievalFantasy|ThirdPerson,T
Nintendo Wii,Disney/Pixar Cars,0.07,2006,THQ,"Action, Racing / Driving",0,0,17.95,65,2,0,1,Action|Racing|FirstPerson|ThirdPerson,E
Nintendo Wii,Far Cry: Vengeance,0.07,2006,Ubisoft,Action,1,0,16.95,38,2,0,0,Action|SciFi|Shooter|FirstPerson,M
X360,Import Tuner Challenge,0.07,2006,Ubisoft,Racing / Driving,0,0,17.95,54,2,1,0,Racing|FirstPerson|ThirdPerson,E
Nintendo DS,Contact,0.07,2006,"Atlus U.S.A., Inc., Marvelous Interactive, Inc., Rising Star Games Ltd.","Adventure, Role-Playing (RPG)",0,0,14.95,73,1,1,0,Adventure|RPG|Anime|SciFi|Isometric|TopDown|ThirdPerson,Unknown
Nintendo DS,Finding Nemo: Escape to the Big Blue,0.07,2006,THQ,"Action, Racing / Driving",0,0,17.95,66,1,0,1,Action|Racing|Arcade|Puzzle|SideScrolling|TopDown|ThirdPerson,E
Nintendo DS,Touch Detective,0.07,2006,"505 GameStreet, Atlus U.S.A., Inc., Success Corp.",Adventure,0,0,14.95,60,1,0,0,Adventure|Anime|Detective|Puzzle|ThirdPerson,Unknown
Sony PSP,FIFA Street 2,0.07,2006,EA,Sports,1,0,17.95,58,1,1,1,Sports|Soccer|Tricks|ThirdPerson,E
Sony PSP,007: From Russia with Love,0.07,2006,EA,"Action, Racing / Driving",1,0,17.95,61,1,0,0,Action|Racing,T
Sony PSP,PaRappa the Rapper,0.07,2006,Sony,Action,0,1,12.95,67,1,1,0,Action|RhythmAction|ThirdPerson,E
Sony PSP,Riviera: The Promised Land,0.07,2006,"505 Games S.R.L., Atlus U.S.A., Inc., Sting, Inc.",Role-Playing (RPG),0,0,17.95,68,1,0,0,RPG|Anime|MedievalFantasy|TurnBased|Isometric,T
Sony PSP,Samurai Warriors: State of War,0.07,2006,"KOEI Corporation, KOEI Ltd.",Action,0,0,17.95,64,1,1,0,Action|Arcade|Fighting|HistoricalBattle|ThirdPerson,T
Sony PSP,Viewtiful Joe: Red Hot Rumble,0.07,2006,Capcom,Action,1,0,14.95,63,1,0,1,Action|Arcade|Fighting|ThirdPerson,T
Nintendo Wii,Ice Age 2: The Meltdown,0.07,2006,"Sierra Entertainment, Inc.",Action,1,0,17.95,66,1,0,0,Action|Puzzle|ThirdPerson,Unknown
X360,Rumble Roses XX,0.06,2006,Konami,"Action, Sports",1,0,17.95,62,4,1,0,Action|Sports|Fighting|Wrestling|ThirdPerson,M
Nintendo DS,Bionicle Heroes,0.06,2006,Eidos,Action,0,0,16.95,72,1,0,1,Action|SciFi|Shooter|FirstPerson,Unknown
Nintendo DS,Deep Labyrinth,0.06,2006,"505 GameStreet, Atlus U.S.A., Inc., Interactive Brains",Role-Playing (RPG),0,0,10.95,57,1,0,0,RPG|Anime|MedievalFantasy|Puzzle|FirstPerson,Unknown
Sony PSP,Blade Dancer: Lineage of Light,0.06,2006,"Ignition Entertainment Ltd., NIS America, Inc., SCEI",Role-Playing (RPG),0,0,16.95,60,1,1,0,RPG|Anime|RealTime|TurnBased|ThirdPerson,Unknown
Sony PSP,Every Extend Extra,0.06,2006,"Buena Vista Games, Inc.",Action,0,0,11.95,74,1,1,0,Action|Arcade|Puzzle|RhythmAction|TopDown,E
Sony PSP,Ultimate Ghosts 'N' Goblins,0.06,2006,Capcom,Action,0,1,17.95,72,1,0,0,Action,Unknown
Sony PSP,Xiaolin Showdown,0.06,2006,Konami,Action,0,0,14.95,44,1,0,1,Action|Anime|Fighting|ThirdPerson,Unknown
X360,Bionicle Heroes,0.06,2006,Eidos,Action,0,0,14.95,59,1,0,1,Action|SciFi|Shooter|ThirdPerson,Unknown
X360,Bullet Witch,0.06,2006,Atari,Action,0,0,16.95,55,1,0,0,Action|MedievalFantasy|PostApocalyptic|SciFi|Shooter|ThirdPerson,M
Sony PSP,Activision Hits Remixed,0.05,2006,Activision,"Action, Racing / Driving, Simulation, Sports, Strategy",0,1,17.95,75,4,1,0,Action|Racing|Simulation|Sports|Strategy|Arcade|Boardgame|Cards|Detective|Flight|SciFi|Shooter|Tank|Boxing|Fishing|Hockey|Horse|Snowboarding|Tennis|FirstPerson|Platform|SideScrolling|TopDown|ThirdPerson,E
Sony PSP,Death Jr. II: Root of Evil,0.05,2006,Konami,Action,1,0,14.95,68,2,1,1,Action|ThirdPerson,T
Nintendo DS,Alex Rider: Stormbreaker,0.05,2006,THQ,"Action, Adventure",0,0,12.95,48,1,0,1,Action|Adventure|RealTime|Spy|Stealth|ThirdPerson,T
Nintendo DS,Cartoon Network Racing,0.05,2006,The Game Factory ApS,Racing / Driving,0,0,14.95,55,1,0,0,Racing|Arcade|ThirdPerson,E
Nintendo DS,Guilty Gear: Dust Strikers,0.05,2006,Majesco Entertainment Company,Action,1,0,14.95,60,1,0,0,Action|Anime|Arcade|Fighting|MartialArts|SideScrolling,T
Nintendo DS,Gunpey DS,0.05,2006,Namco,Strategy,0,0,12.95,70,1,0,0,Strategy|Anime|Puzzle|RhythmAction,E
Nintendo DS,March of the Penguins,0.05,2006,"Destination Software, Inc., ZOO Digital Publishing Ltd","Action, Educational, Strategy",0,0,7.95,34,1,0,1,Action|Educational|Strategy|Ecology|SideScrolling|TopDown|ThirdPerson,E
Nintendo DS,Lara Croft Tomb Raider: Legend,0.05,2006,Eidos,"Action, Racing / Driving",1,0,17.95,58,1,0,1,Action|Racing|Puzzle|Shooter|FirstPerson|Platform|SideScrolling,T
Nintendo DS,Worms: Open Warfare,0.05,2006,THQ,"Action, Strategy",1,0,17.95,64,1,0,1,Action|Strategy|SideScrolling,Unknown
Sony PSP,Mercury Meltdown,0.05,2006,"Ignition Entertainment Ltd., Ignition Entertainment Ltd. USA, SCEI",Strategy,0,0,12.95,78,1,1,1,Strategy|Puzzle|ThirdPerson,E
Sony PSP,MTX Mototrax,0.05,2006,Activision,"Racing / Driving, Sports",0,0,19.95,67,1,1,1,Racing|Sports|Motorcycle|Tricks|ThirdPerson,E
Sony PSP,Snoopy vs. the Red Baron,0.05,2006,Namco,Action,0,0,17.95,76,1,0,1,Action|Flight|Shooter|ThirdPerson,E
Sony PSP,Super Monkey Ball Adventure,0.05,2006,Sega,"Action, Racing / Driving",1,0,24.95,56,1,1,1,Action|Racing|Arcade|Puzzle|Platform|ThirdPerson,E
Sony PSP,Ys VI: The Ark of Napishtim,0.05,2006,Konami,"Action, Role-Playing (RPG)",1,0,16.95,64,1,0,0,Action|RPG|Anime|ThirdPerson,T
Nintendo Wii,World Series of Poker: Tournament of Champions,0.05,2006,Activision,Sports,0,0,24.95,46,1,0,0,Sports|Cards|Casino,T
Nintendo DS,Bomberman Land Touch!,0.04,2006,"Atlus U.S.A., Inc., Hudson Soft Company, Ltd., Rising Star Games Ltd.",Action,1,0,24.95,78,1,1,0,Action|MentalTraining|Puzzle|Isometric,E
Nintendo DS,Lionel Trains on Track,0.04,2006,"Destination Software, Inc., ZOO Digital Publishing Ltd","Simulation, Strategy",0,0,13.95,47,1,0,0,Simulation|Strategy|Managerial|Train|TopDown,E
Nintendo DS,Point Blank DS,0.04,2006,Atari,Action,0,1,17.95,66,1,0,0,Action|Arcade|Shooter|FirstPerson,Unknown
Nintendo DS,Scurge: Hive,0.04,2006,"SouthPeak Interactive, LLC",Action,0,0,8.95,70,1,0,1,Action|SciFi|Shooter|Isometric|TopDown|ThirdPerson,Unknown
Nintendo DS,Star Trek: Tactical Assault,0.04,2006,Ubisoft,"Action, Strategy",0,0,17.95,63,1,0,1,Action|Strategy|RealTime|SciFi|ThirdPerson,E
Nintendo DS,Tao's Adventure: Curse of the Demon Seal,0.04,2006,Konami,Role-Playing (RPG),0,0,14.95,50,1,0,0,RPG|MedievalFantasy|TurnBased|ThirdPerson,Unknown
Sony PSP,Ford Bold Moves Street Racing,0.04,2006,Eidos,Racing / Driving,1,0,17.95,52,1,1,0,Racing|FirstPerson|ThirdPerson,E
Sony PSP,Gitaroo Man Lives!,0.04,2006,"KOEI Co., Ltd., KOEI Corporation",Simulation,1,0,22.95,80,1,1,0,Simulation|Anime|RhythmAction|ThirdPerson,E
Sony PSP,Gradius Collection,0.04,2006,Konami,Action,0,1,17.95,76,1,0,0,Action|Arcade|SciFi|Shooter|SideScrolling,E
Sony PSP,The Legend of Heroes II: Prophecy of the Moonli...,0.04,2006,Namco,Role-Playing (RPG),1,0,17.95,63,1,0,0,RPG|MedievalFantasy,Unknown
Sony PSP,Pac-Man World Rally,0.04,2006,Namco,"Action, Racing / Driving",0,0,17.95,51,1,0,1,Action|Racing|ThirdPerson,E
X360,Bomberman: Act Zero,0.04,2006,Konami,Action,1,0,12.95,34,1,0,0,Action|Arcade|Cyberpunk|TopDown|ThirdPerson,T
Sony PSP,Taito Legends: Power-Up,0.03,2006,Xplosiv,Action,0,1,16.95,61,2,1,0,Action|Anime|Arcade|MartialArts|SciFi|Shooter|Platform|SideScrolling|TopDown|ThirdPerson,E
Nintendo Wii,Wing Island,0.03,2006,Konami,Simulation,0,0,19.95,47,2,0,0,Simulation|Flight|ThirdPerson,E
X360,Earth Defense Force 2017,0.03,2006,"D3Publisher Inc., D3Publisher of America, Inc., D3Publisher of Europe Ltd.",Action,0,0,17.95,69,2,0,0,Action|Battlemech|Helicoptor|SciFi|Shooter|ThirdPerson,T
X360,WarTech: Senko no Ronde,0.03,2006,Ubisoft,Action,0,0,12.95,60,2,1,0,Action|Arcade|Battlemech|SciFi|Shooter|TopDown|ThirdPerson,T
Nintendo DS,MechAssault: Phantom War,0.03,2006,Majesco Entertainment Company,Action,1,0,12.95,66,1,0,0,Action|Battlemech|ThirdPerson,T
Sony PSP,Astonishia Story,0.03,2006,Ubisoft,"Role-Playing (RPG), Strategy",0,0,16.95,48,1,0,0,RPG|Strategy|Anime|MedievalFantasy|TurnBased|TopDown,Unknown
Sony PSP,B-Boy,0.03,2006,Sony,Action,0,0,17.95,50,1,0,1,Action|RhythmAction|ThirdPerson,T
Sony PSP,BattleZone,0.03,2006,Atari,Action,0,0,14.95,57,1,1,0,Action|Arcade|SciFi|Shooter|FirstPerson|ThirdPerson,Unknown
Sony PSP,Bounty Hounds,0.03,2006,Namco,"Action, Strategy",0,0,17.95,63,1,1,0,Action|Strategy|RealTime|SciFi|Shooter|ThirdPerson,T
Sony PSP,Bubble Bobble Evolution,0.03,2006,"Codemasters, Rising Star Games Ltd.",Action,0,1,12.95,47,1,0,0,Action|Puzzle|Platform,E
Sony PSP,MotoGP,0.03,2006,Sony,"Racing / Driving, Sports",0,0,32.95,69,1,0,1,Racing|Sports|Motorcycle|FirstPerson|ThirdPerson,E
Sony PSP,OutRun 2006: Coast 2 Coast,0.03,2006,Sega,Racing / Driving,1,0,17.95,82,1,1,1,Racing|Arcade|ThirdPerson,E
Sony PSP,Stacked with Daniel Negreanu,0.03,2006,"Myelin Media, LLC",Strategy,0,0,16.95,63,1,0,1,Strategy|Cards|Casino|TurnBased|TopDown|ThirdPerson,T
Sony PSP,Street Supremacy,0.03,2006,Konami,Racing / Driving,0,0,7.95,41,1,0,0,Racing|Arcade|ThirdPerson,E
Sony PSP,Warhammer: Battle for Atluma,0.03,2006,Namco,Strategy,0,0,17.95,55,1,1,0,Strategy|Cards|TurnBased|FirstPerson,T
Sony PSP,Online Chess Kingdoms,0.02,2006,Konami,Strategy,0,0,12.95,60,2,1,0,Strategy|Chess|ThirdPerson,E
Nintendo DS,Freedom Wings,0.02,2006,"Natsume, Inc.","Action, Simulation",0,0,14.95,46,1,0,0,Action|Simulation|Flight|Shooter|ThirdPerson,Unknown
Nintendo DS,Konductra,0.02,2006,O~3 Entertainment,Strategy,0,0,19.95,60,1,0,0,Strategy|Puzzle|RealTime|TopDown,E
Nintendo DS,SBK: Snowboard Kids,0.02,2006,"Atlus U.S.A., Inc.","Action, Sports",0,0,19.95,63,1,0,0,Action|Sports|Arcade|Snowboarding|ThirdPerson,E
Nintendo DS,Tenchu: Dark Secret,0.02,2006,Nintendo,Action,1,0,14.95,37,1,0,0,Action|Fighting|MartialArts|Stealth|TopDown|ThirdPerson,T
Sony PSP,Dungeon Maker: Hunting Ground,0.02,2006,"Taito Corporation, XSEED Games","Action, Role-Playing (RPG)",0,0,14.95,70,1,0,0,Action|RPG|MedievalFantasy|ThirdPerson,Unknown
Sony PSP,Metal Gear Solid: Digital Graphic Novel,0.02,2006,Konami,Adventure,0,0,17.95,78,1,0,0,Adventure|Comics|Spy,Unknown
Sony PSP,Payout Poker & Casino,0.02,2006,Namco,Sports,0,0,17.95,54,1,0,0,Sports|Cards|FirstPerson|ThirdPerson,T
Sony PSP,Rengoku 2: Stairway to H.E.A.V.E.N.,0.02,2006,Konami,Action,1,0,9.95,51,1,0,0,Action,T
Sony PSP,Star Trek: Tactical Assault,0.02,2006,Ubisoft,"Action, Strategy",0,0,17.95,64,1,1,1,Action|Strategy|RealTime|SciFi|ThirdPerson,E
Sony PSP,Micro Machines V4,0.01,2006,"Codemasters GmbH, Codemasters Software Company Limited, The","Action, Racing / Driving",1,0,17.95,61,2,1,1,Action|Racing|Arcade|TopDown|ThirdPerson,E
Sony PSP,Platypus,0.01,2006,"MumboJumbo, LLC",Action,0,0,14.95,59,2,1,0,Action|Arcade|SciFi|Shooter|SideScrolling|ThirdPerson,E
Nintendo DS,Custom Robo Arena,0.01,2006,Nintendo,"Action, Role-Playing (RPG)",1,0,17.95,74,1,1,0,Action|RPG|SciFi|ThirdPerson,Unknown
Nintendo DS,Monster Bomber,0.01,2006,Majesco Entertainment Company,"Action, Strategy",0,0,13.95,55,1,0,0,Action|Strategy|Puzzle|RealTime|SciFi|ThirdPerson,E
Sony PSP,Gurumin: A Monstrous Adventure,0.01,2006,"Mastiff, LLC, Nihon Falcom Corp.",Action,0,0,13.95,78,1,0,0,Action|Platform|ThirdPerson,Unknown
Sony PSP,Pocket Racers,0.01,2006,Konami,"Action, Racing / Driving",0,0,12.95,39,1,0,0,Action|Racing|ThirdPerson,E
Sony PSP,Spider-Man 3,0.01,2006,Ubisoft,Action,1,0,6.95,58,1,0,0,Action|Comics|Fighting|Puzzle|RealTime|ThirdPerson,M
Nintendo Wii,Wii Fit,9.6,2007,Nintendo,"Educational, Sports",0,0,24.95,80,1,0,0,Educational|Sports|Health|ThirdPerson,E
X360,Halo 3,8.03,2007,Microsoft,Action,1,0,24.95,94,4,1,0,Action|Flight|SciFi|Shooter|FirstPerson|ThirdPerson,M
X360,Call of Duty 4: Modern Warfare,5.77,2007,Activision,Action,1,0,29.95,94,4,1,1,Action|Shooter|FirstPerson,M
Nintendo Wii,Super Mario Galaxy,4.94,2007,Nintendo,Action,1,0,39.95,97,2,0,0,Action|Puzzle|SciFi|Platform|ThirdPerson,E
Nintendo DS,Mario Party DS,4.34,2007,Nintendo,"Action, Strategy",1,0,27.95,72,1,0,0,Action|Strategy|Boardgame|TurnBased|Platform|ThirdPerson,E
Nintendo Wii,Mario Party 8,3.84,2007,Nintendo,"Action, Strategy",1,0,39.95,62,4,0,0,Action|Strategy|Boardgame|FirstPerson|ThirdPerson,E
X360,Guitar Hero III: Legends of Rock,3.28,2007,Activision,"Action, Simulation",1,0,12.95,85,2,1,1,Action|Simulation|RhythmAction|ThirdPerson,T
Nintendo Wii,Link's Crossbow Training,3.2,2007,Nintendo,Action,0,0,14.95,68,1,0,0,Action|MedievalFantasy|Shooter|ThirdPerson,T
Nintendo Wii,Guitar Hero III: Legends of Rock,3.19,2007,Activision,"Action, Simulation",1,0,49.95,86,2,1,1,Action|Simulation|RhythmAction|ThirdPerson,T
X360,Assassin's Creed,3.17,2007,Ubisoft,Action,0,0,16.95,81,1,0,1,Action|Fighting|MedievalFantasy|Stealth|FirstPerson|ThirdPerson,T
Nintendo Wii,LEGO Star Wars: The Complete Saga,3.03,2007,LucasArts,Action,1,0,17.95,80,2,0,1,Action|Fighting|Flight|Puzzle|SciFi|Shooter|Platform|ThirdPerson,Unknown
PlayStation 3,Call of Duty 4: Modern Warfare,2.91,2007,Activision,Action,1,0,24.95,94,4,1,1,Action|Shooter|FirstPerson,M
Nintendo Wii,Mario & Sonic at the Olympic Games,2.74,2007,Nintendo,"Action, Sports",0,0,29.95,67,4,0,1,Action|Sports|Arcade|Olympiad|PingPong|ThirdPerson,E
Nintendo DS,LEGO Star Wars: The Complete Saga,2.66,2007,"ak tronic Software & Services GmbH, LucasArts","Action, Racing / Driving",1,0,17.95,80,1,0,1,Action|Racing|Fighting|Flight|Puzzle|SciFi|Shooter|TopDown|ThirdPerson,E
X360,Forza Motorsport 2,2.48,2007,Microsoft,Racing / Driving,1,0,12.95,90,2,1,0,Racing|FirstPerson|ThirdPerson,E
X360,Madden NFL 08,2.32,2007,EA,Sports,1,0,9.95,85,4,1,1,Sports|AmericanFootball|TopDown|ThirdPerson,E
X360,Guitar Hero II,2.04,2007,Activision,"Action, Simulation",1,0,17.95,92,2,0,1,Action|Simulation|RhythmAction|ThirdPerson,T
X360,Rock Band,2.02,2007,MTV Games,"Action, Simulation",0,0,14.95,92,4,1,1,Action|Simulation|RhythmAction|ThirdPerson,T
Nintendo DS,The Legend of Zelda: Phantom Hourglass,1.92,2007,Nintendo,Action,1,0,24.95,90,1,1,0,Action|MedievalFantasy|Puzzle|Fishing|Sailing|TopDown|ThirdPerson,E
Nintendo DS,Pokemon Mystery Dungeon: Explorers of Darkness,1.91,2007,Nintendo,Role-Playing (RPG),1,0,15.95,59,1,0,0,RPG|MedievalFantasy|TurnBased|TopDown|ThirdPerson,E
Nintendo DS,Pokemon Mystery Dungeon: Explorers of Time,1.91,2007,Nintendo,Role-Playing (RPG),1,0,24.95,59,1,1,0,RPG|MedievalFantasy|TurnBased|TopDown|ThirdPerson,E
PlayStation 3,Assassin's Creed,1.77,2007,Ubisoft,Action,0,0,17.95,81,1,0,1,Action|Fighting|MedievalFantasy|Stealth|FirstPerson|ThirdPerson,M
PlayStation 3,Uncharted: Drake's Fortune,1.76,2007,Sony,Action,0,0,24.95,88,1,0,0,Action|Fighting|Puzzle|Shooter|ThirdPerson,T
X360,Mass Effect,1.57,2007,Microsoft,"Action, Role-Playing (RPG)",0,0,17.95,91,1,0,0,Action|RPG|SciFi|ThirdPerson,M
Nintendo DS,Cooking Mama 2: Dinner with Friends,1.56,2007,"505 GameStreet, 505 Games S.R.L., Majesco Entertainment Company",Simulation,1,0,17.95,70,1,0,0,Simulation|FirstPerson,E
X360,BioShock,1.52,2007,2K,Action,0,0,16.95,96,1,0,1,Action|SciFi|Shooter|FirstPerson,M
Nintendo Wii,Super Paper Mario,1.5,2007,Nintendo,"Action, Role-Playing (RPG)",1,0,29.95,85,1,0,0,Action|RPG|MedievalFantasy|Puzzle|SciFi|Platform|SideScrolling|ThirdPerson,E
Nintendo Wii,Game Party,1.49,2007,Midway,Action,0,0,14.95,25,4,0,0,Action|ThirdPerson,E
Sony PSP,Ratchet & Clank: Size Matters,1.47,2007,Sony,Action,1,0,14.95,85,1,1,1,Action|Shooter|FirstPerson|ThirdPerson,Unknown
Nintendo Wii,Dance Dance Revolution Hottest Party,1.45,2007,Konami,Action,1,0,17.95,73,4,0,0,Action|Arcade|RhythmAction|ThirdPerson,Unknown
PlayStation 3,Guitar Hero III: Legends of Rock,1.43,2007,Activision,"Action, Simulation",1,0,32.95,83,2,0,1,Action|Simulation|RhythmAction|ThirdPerson,T
Nintendo Wii,Cooking Mama: Cook Off,1.38,2007,"505 GameStreet, Majesco Entertainment Company, Taito Corporation",Simulation,1,0,14.95,61,2,0,0,Simulation|FirstPerson,E
PlayStation 3,Gran Turismo 5: Prologue,1.31,2007,Sony,"Racing / Driving, Simulation",1,0,24.95,80,2,1,0,Racing|Simulation|FirstPerson|ThirdPerson,E
Nintendo DS,Professor Layton and the Curious Village,1.26,2007,Nintendo,"Adventure, Educational, Strategy",0,0,23.95,85,1,0,0,Adventure|Educational|Strategy|Puzzle|Maths|FirstPerson|ThirdPerson,E
Nintendo Wii,Resident Evil 4,1.24,2007,Capcom,Action,1,1,16.95,91,1,0,0,Action|Puzzle|SurvivalHorror|ThirdPerson,M
PlayStation 3,The Elder Scrolls IV: Oblivion,1.2,2007,Ubisoft,"Action, Role-Playing (RPG)",1,0,17.95,93,1,0,1,Action|RPG|MedievalFantasy|FirstPerson|ThirdPerson,M
Nintendo DS,Transformers: Autobots,1.17,2007,Activision,"Action, Racing / Driving",0,0,17.95,67,1,0,0,Action|Racing|Fighting|ThirdPerson,Unknown
Nintendo DS,Transformers: Decepticons,1.17,2007,Activision,"Action, Racing / Driving",0,0,17.95,66,1,0,0,Action|Racing|Fighting|ThirdPerson,Unknown
Nintendo Wii,High School Musical: Sing It!,1.16,2007,Disney,Action,1,0,19.95,64,6,0,0,Action|RhythmAction|ThirdPerson,E
Nintendo DS,Diddy Kong Racing DS,1.16,2007,Nintendo,"Racing / Driving, Sports",0,0,24.95,63,1,1,0,Racing|Sports|Flight|Puzzle|Shooter|OffRoad|Sailing|FirstPerson|ThirdPerson,E
Nintendo DS,High School Musical: Makin' the Cut,1.13,2007,Disney,Action,0,0,10.95,66,1,0,0,Action|RhythmAction|ThirdPerson,E
Nintendo Wii,Big Brain Academy: Wii Degree,1.1,2007,Nintendo,Action,0,0,19.95,68,8,0,0,Action|MentalTraining|FirstPerson,E
X360,Need for Speed: ProStreet,1.1,2007,EA,Racing / Driving,1,0,16.95,72,2,1,1,Racing|FirstPerson|ThirdPerson,Unknown
Nintendo DS,Deal or No Deal,1.1,2007,"Destination Software, Inc.",Strategy,0,0,11.95,20,1,0,0,Strategy|Gameshow|FirstPerson,E
X360,LEGO Star Wars: The Complete Saga,1.09,2007,LucasArts,Action,1,0,17.95,80,2,1,1,Action|Fighting|Flight|Puzzle|SciFi|Shooter|Platform|ThirdPerson,Unknown
Nintendo Wii,Sonic and the Secret Rings,1.08,2007,Sega,Action,1,0,16.95,69,4,0,0,Action|Anime|Boardgame|ThirdPerson,E
X360,The Orange Box,1.06,2007,Valve Corporation,Action,1,1,17.95,96,1,1,0,Action|Puzzle|Shooter|FirstPerson,M
X360,Crackdown,1.02,2007,Microsoft,"Action, Racing / Driving, Role-Playing (RPG)",0,0,14.95,83,1,1,0,Action|Racing|RPG|Fighting|SciFi|Shooter|ThirdPerson,M
PlayStation 3,Rock Band,1.01,2007,MTV Games,"Action, Simulation",0,0,14.95,92,4,1,1,Action|Simulation|RhythmAction|ThirdPerson,T
Nintendo Wii,Tiger Woods PGA Tour 08,1.0,2007,EA,Sports,1,0,17.95,72,4,0,1,Sports|Golf|ThirdPerson,E
X360,WWE Smackdown vs. Raw 2008,0.96,2007,THQ,Sports,1,0,12.95,71,4,1,1,Sports|Wrestling|ThirdPerson,T
PlayStation 3,Madden NFL 08,0.94,2007,EA,Sports,1,0,9.95,81,4,1,1,Sports|AmericanFootball|TopDown|ThirdPerson,E
Nintendo DS,Call of Duty 4: Modern Warfare,0.94,2007,Activision,Action,0,0,19.95,75,1,0,1,Action|Shooter|FirstPerson,T
Nintendo Wii,MySims,0.94,2007,EA,"Simulation, Strategy",0,0,17.95,68,1,0,0,Simulation|Strategy|ThirdPerson,E
Nintendo Wii,Mario Strikers Charged,0.93,2007,Nintendo,"Action, Sports",1,0,29.95,79,4,0,0,Action|Sports|Arcade|Soccer|ThirdPerson,Unknown
Sony PSP,Star Wars Battlefront: Renegade Squadron,0.93,2007,LucasArts,Action,1,0,16.95,73,1,0,0,Action,T
Nintendo DS,Flash Focus: Vision Training in Minutes a Day,0.91,2007,Nintendo,Action,1,0,17.95,59,1,0,0,Action|MentalTraining|FirstPerson,E
Nintendo Wii,Metroid Prime 3: Corruption,0.91,2007,Nintendo,Action,1,0,19.95,90,1,0,0,Action|Puzzle|SciFi|Shooter|FirstPerson|ThirdPerson,T
Nintendo Wii,AMF Bowling Pinbusters!,0.89,2007,Mud Duck Productions,Sports,0,0,9.95,33,4,0,0,Sports|Bowling|FirstPerson|ThirdPerson,E
X360,Tom Clancy's Ghost Recon: Advanced Warfighter 2...,0.89,2007,Ubisoft,Action,1,0,14.95,86,1,1,1,Action|RealTime|SciFi|Shooter|ThirdPerson,T
Nintendo Wii,Madden NFL 08,0.86,2007,EA,Sports,1,0,12.95,76,4,0,1,Sports|AmericanFootball|TopDown|ThirdPerson,E
PlayStation 3,Ratchet & Clank Future: Tools of Destruction,0.86,2007,Sony,Action,1,0,22.95,89,1,0,0,Action|Puzzle|SciFi|Shooter|Platform|ThirdPerson,T
PlayStation 3,LEGO Star Wars: The Complete Saga,0.85,2007,LucasArts,Action,1,0,17.95,80,2,1,1,Action|Fighting|Flight|Puzzle|SciFi|Shooter|Platform|ThirdPerson,Unknown
Nintendo Wii,Rayman Raving Rabbids 2,0.84,2007,Ubisoft,Action,1,0,17.95,67,4,0,1,Action|Boardgame|FirstPerson|ThirdPerson,Unknown
X360,NBA 2K8 ,0.83,2007,2K,Sports,1,0,9.95,81,1,0,1,Sports,E
Nintendo DS,Namco Museum DS,0.8,2007,Namco,Action,0,1,17.95,67,1,0,1,Action|Arcade|SciFi|TopDown|ThirdPerson,E
PlayStation 3,Need for Speed: ProStreet,0.75,2007,EA,Racing / Driving,1,0,16.95,73,2,1,1,Racing|FirstPerson|ThirdPerson,Unknown
Nintendo Wii,Blazing Angels: Squadrons of WWII,0.75,2007,Ubisoft,Action,0,0,16.95,57,2,0,1,Action|Flight|HistoricalBattle|ThirdPerson,T
Nintendo DS,Drawn to Life,0.75,2007,THQ,Action,0,0,17.95,73,1,0,0,Action|Platform|SideScrolling|ThirdPerson,E
Nintendo Wii,EA Playground,0.72,2007,EA,"Action, Racing / Driving, Sports",0,0,17.95,66,4,0,1,Action|Racing|Sports|Boardgame|Basketball|Skateboarding|Soccer|ThirdPerson,E
X360,Major League Baseball 2K7,0.7,2007,2K,Sports,1,0,9.95,79,2,1,1,Sports|Baseball|ThirdPerson,E
Nintendo DS,I Spy Fun House,0.7,2007,"Scholastic, Inc.","Adventure, Educational",0,0,17.95,53,1,0,0,Adventure|Educational|Puzzle|Maths|Reading|FirstPerson,E
Nintendo Wii,Resident Evil: The Umbrella Chronicles,0.69,2007,Capcom,Action,1,0,19.95,75,2,0,0,Action|InteractiveMovie|Shooter|SurvivalHorror|FirstPerson,M
X360,NCAA Football 08,0.68,2007,EA,Sports,1,0,9.95,81,2,1,1,Sports|AmericanFootball|ThirdPerson,E
Nintendo DS,Spectrobes,0.68,2007,"ak tronic Software & Services GmbH, Buena Vista Games, Inc.","Action, Strategy",0,0,14.95,63,1,0,0,Action|Strategy|Fighting|RealTime|SciFi|ThirdPerson,E
Nintendo DS,Disney/Pixar Cars: Mater-National Championship,0.67,2007,THQ,Racing / Driving,1,0,17.95,69,1,0,1,Racing|ThirdPerson,E
Nintendo DS,The Sims 2: Castaway,0.66,2007,EA,Simulation,1,0,16.95,66,1,0,1,Simulation|Managerial|Puzzle|RealTime|ThirdPerson,E
X360,skate.,0.65,2007,EA,"Action, Sports",0,0,16.95,86,4,1,1,Action|Sports|Skateboarding|Tricks|ThirdPerson,T
PlayStation 3,WWE Smackdown vs. Raw 2008,0.64,2007,THQ,Sports,1,0,14.95,74,6,1,1,Sports|Wrestling|ThirdPerson,T
Sony PSP,Madden NFL 08,0.64,2007,EA,Sports,1,0,9.95,75,1,0,1,Sports|AmericanFootball|TopDown|ThirdPerson,E
PlayStation 3,NBA Live 08,0.6,2007,EA,Sports,1,0,9.95,73,4,1,1,Sports|Basketball|ThirdPerson,E
Nintendo DS,The Simpsons Game,0.6,2007,EA,Action,0,0,17.95,69,1,0,1,Action|Comics|Fighting|Platform|SideScrolling|ThirdPerson,T
X360,Ace Combat 6: Fires of Liberation,0.58,2007,Namco,"Action, Simulation",1,0,19.95,80,1,1,0,Action|Simulation|Flight|FirstPerson|ThirdPerson,T
PlayStation 3,Heavenly Sword,0.57,2007,Sony,Action,0,0,24.95,79,1,0,0,Action|Fighting|MedievalFantasy|FirstPerson|ThirdPerson,T
PlayStation 3,Ninja Gaiden Sigma,0.57,2007,"Tecmo, Inc., Tecmo, Ltd.",Action,0,1,19.95,88,1,0,0,Action|Fighting|MartialArts|Puzzle|FirstPerson|ThirdPerson,M
Nintendo Wii,Ben 10: Protector of the Earth,0.57,2007,"D3Publisher of America, Inc., D3Publisher of Europe Ltd.",Action,0,0,16.95,63,1,0,1,Action,Unknown
X360,The Simpsons Game,0.55,2007,EA,Action,0,0,17.95,71,2,0,1,Action|Comics|Fighting|Platform|ThirdPerson,T
Nintendo DS,CrossworDS,0.53,2007,Deep Silver,"Educational, Strategy",0,0,17.95,67,1,0,0,Educational|Strategy|Puzzle|Reading|TopDown,E
Nintendo DS,Sonic Rush Adventure,0.52,2007,Sega,"Action, Sports",1,0,24.95,78,1,1,0,Action|Sports|Anime|Sailing|Platform|SideScrolling|ThirdPerson,E
X360,Tiger Woods PGA Tour 08,0.51,2007,EA,Sports,1,0,14.95,80,4,1,1,Sports|Golf|ThirdPerson,E
X360,Tony Hawk's Proving Ground,0.51,2007,Activision,Sports,1,0,16.95,72,2,1,1,Sports|Skateboarding|ThirdPerson,T
Sony PSP,Call of Duty: Roads to Victory,0.51,2007,Activision,Action,1,0,24.95,64,1,1,0,Action|HistoricalBattle|Shooter|FirstPerson,T
X360,Transformers: The Game,0.51,2007,Activision,Action,0,0,14.95,52,1,0,1,Action|Battlemech|SciFi|Shooter|ThirdPerson,T
PlayStation 3,NBA 2K8,0.5,2007,2K,Sports,1,0,9.95,81,7,1,1,Sports|Basketball|ThirdPerson,E
Sony PSP,Medal of Honor: Heroes 2,0.5,2007,EA,Action,1,0,17.95,69,1,1,1,Action|HistoricalBattle|Shooter|FirstPerson,T
Nintendo Wii,Smarty Pants,0.5,2007,EA,Strategy,0,0,17.95,65,1,0,0,Strategy|Boardgame|Gameshow,E
X360,Spider-Man 3,0.5,2007,Activision,Action,1,0,11.95,63,1,0,1,Action|Comics|Fighting|Puzzle|ThirdPerson,T
PlayStation 3,Tom Clancy's Rainbow Six: Vegas,0.49,2007,Ubisoft,Action,1,0,16.95,86,2,1,1,Action|Shooter|FirstPerson|ThirdPerson,M
Nintendo Wii,Need for Speed: ProStreet,0.49,2007,EA,Racing / Driving,1,0,16.95,61,2,0,1,Racing|FirstPerson|ThirdPerson,Unknown
X360,NBA LIVE 08 ,0.49,2007,EA,Sports,1,0,9.95,73,1,0,1,Sports,E
X360,Dance Dance Revolution Universe 2,0.48,2007,Konami,Action,1,0,19.95,65,4,1,0,Action|RhythmAction|ThirdPerson,Unknown
X360,MX vs. ATV Untamed,0.48,2007,THQ,Racing / Driving,1,0,17.95,70,2,1,1,Racing|FirstPerson|TopDown|ThirdPerson,E
Nintendo DS,Final Fantasy IV,0.48,2007,SquareEnix,Role-Playing (RPG),1,1,17.95,85,1,0,0,RPG|Anime|MedievalFantasy|ThirdPerson,Unknown
PlayStation 3,WWE Smackdown vs. Raw 2009,0.48,2007,THQ,Sports,1,0,19.95,74,1,0,0,Sports,T
X360,NBA Street Homecourt,0.47,2007,EA,Sports,1,0,7.95,80,4,1,1,Sports|Basketball|ThirdPerson,E
Nintendo Wii,The Simpsons Game,0.47,2007,EA,Action,0,0,17.95,64,2,0,1,Action|Comics|Fighting|Platform|ThirdPerson,T
Nintendo Wii,Winter Sports: The Ultimate Challenge,0.47,2007,RTL Sports,"Racing / Driving, Sports",0,0,16.95,52,1,0,0,Racing|Sports|Arcade|Olympiad|Snowboarding|FirstPerson|ThirdPerson,E
Sony PSP,WWE Smackdown vs. Raw 2008,0.46,2007,THQ,Sports,1,0,16.95,68,4,1,1,Sports|Wrestling|ThirdPerson,T
PlayStation 3,Warhawk,0.46,2007,Sony,Action,0,0,34.95,84,4,1,0,Action|Flight|RealTime|SciFi|Shooter|Tank|ThirdPerson,Unknown
Nintendo Wii,Tiger Woods PGA Tour 07,0.46,2007,EA,Sports,1,0,17.95,71,4,0,1,Sports|Golf|ThirdPerson,E
X360,"Scene It? Lights, Camera, Action",0.46,2007,Microsoft,Simulation,0,0,22.95,73,4,0,0,Simulation|Boardgame|Gameshow|FirstPerson,T
Nintendo DS,Crash of the Titans,0.46,2007,"Sierra Entertainment, Inc.",Action,0,0,17.95,73,1,0,0,Action|Arcade|ThirdPerson,E
Sony PSP,Sonic Rivals 2,0.46,2007,Sega,Action,1,0,22.95,60,1,0,0,Action|SideScrolling,E
Nintendo Wii,Boogie,0.45,2007,EA,Action,0,0,17.95,57,2,0,1,Action|RhythmAction|ThirdPerson,Unknown
X360,Medal of Honor: Airborne,0.45,2007,EA,Action,1,0,17.95,73,2,1,1,Action|HistoricalBattle|Shooter|FirstPerson,T
Nintendo Wii,The Sims 2: Castaway,0.45,2007,EA,Simulation,1,0,17.95,73,1,0,1,Simulation|Managerial|Puzzle|RealTime|Isometric,T
Nintendo Wii,Spider-Man 3,0.45,2007,Activision,Action,1,0,14.95,53,1,0,1,Action|Comics|Fighting|Puzzle|ThirdPerson,T
X360,Lost Odyssey,0.45,2007,Microsoft,Role-Playing (RPG),0,0,19.95,78,1,0,0,RPG|MedievalFantasy|TurnBased|ThirdPerson,T
Nintendo DS,Bee Movie Game,0.44,2007,Activision,Adventure,0,0,17.95,58,1,0,1,Adventure|TopDown|ThirdPerson,E
Nintendo DS,Spider-Man 3,0.44,2007,Activision,Action,1,0,16.95,79,1,0,1,Action|Comics|Fighting|Puzzle|Platform|SideScrolling,Unknown
Sony PSP,Final Fantasy Tactics,0.44,2007,SquareEnix,"Role-Playing (RPG), Strategy",1,1,17.95,88,1,1,0,RPG|Strategy|MedievalFantasy|TurnBased|Isometric,T
Nintendo Wii,Endless Ocean,0.44,2007,Nintendo,Simulation,0,0,24.95,72,1,1,0,Simulation|Meditative|Naval|FirstPerson|ThirdPerson,E
PlayStation 3,SingStar,0.43,2007,Sony,Simulation,1,0,14.95,82,6,0,0,Simulation|Boardgame|RhythmAction,T
Nintendo Wii,Ratatouille,0.43,2007,THQ,Action,0,0,19.95,62,1,0,1,Action|Platform|ThirdPerson,E
Nintendo Wii,The Sims 2: Pets,0.43,2007,EA,Simulation,1,0,22.95,65,1,0,1,Simulation|Puzzle|RealTime|ThirdPerson,T
X360,Two Worlds,0.43,2007,"SouthPeak Interactive, LLC","Action, Role-Playing (RPG)",0,0,14.95,50,1,1,0,Action|RPG|MedievalFantasy|RealTime|FirstPerson|ThirdPerson,M
Nintendo Wii,Crash of the Titans,0.42,2007,"Sierra Entertainment, Inc.",Action,1,0,17.95,69,2,0,1,Action|Arcade|Platform|ThirdPerson,Unknown
X360,Sonic the Hedgehog,0.41,2007,Sega,Action,1,0,14.95,46,2,0,1,Action|Anime|Puzzle|Platform|SideScrolling|ThirdPerson,Unknown
Nintendo DS,Mega Man Star Force: Dragon,0.41,2007,Capcom,"Action, Role-Playing (RPG)",1,0,27.95,60,1,0,0,Action|RPG|Anime|Puzzle|SciFi|Shooter|Isometric|ThirdPerson,E
Nintendo DS,Mega Man Star Force: Leo,0.41,2007,Capcom,"Action, Role-Playing (RPG)",1,0,17.95,58,1,0,0,Action|RPG|Anime|Puzzle|SciFi|Shooter|Isometric|ThirdPerson,E
Nintendo DS,Mega Man Star Force: Pegasus,0.41,2007,Capcom,"Action, Role-Playing (RPG)",1,0,14.95,60,1,0,0,Action|RPG|Anime|Puzzle|SciFi|Shooter|Isometric|ThirdPerson,E
PlayStation 3,Disney/Pixar Cars: Mater-National Championship,0.4,2007,THQ,Racing / Driving,1,0,24.95,63,2,0,1,Racing|FirstPerson|ThirdPerson,E
PlayStation 3,Sonic the Hedgehog,0.4,2007,Sega,Action,1,0,16.95,43,2,0,1,Action|Anime|Puzzle|ThirdPerson,Unknown
Nintendo Wii,Harry Potter and the Order of the Phoenix,0.4,2007,EA,Action,1,0,24.95,69,1,0,1,Action|Boardgame|Detective|MedievalFantasy|Puzzle|ThirdPerson,Unknown
Nintendo Wii,Nicktoons: Attack of the Toybots,0.4,2007,THQ,Action,0,0,14.95,60,1,0,0,Action|Puzzle|Platform|ThirdPerson,E
Nintendo Wii,WWE Smackdown vs. Raw 2008,0.39,2007,THQ,Sports,1,0,12.95,59,4,0,1,Sports|Wrestling|ThirdPerson,T
PlayStation 3,The Simpsons Game,0.39,2007,EA,Action,0,0,17.95,71,2,1,1,Action|Comics|Fighting|Platform|ThirdPerson,T
X360,DiRT,0.39,2007,"Codemasters Software Company Limited, The","Racing / Driving, Simulation, Sports",0,0,17.95,83,1,1,1,Racing|Simulation|Sports|OffRoad|FirstPerson|ThirdPerson,E
X360,Kane & Lynch: Dead Men,0.38,2007,Eidos,Action,0,0,14.95,65,2,1,1,Action|Shooter,M
Nintendo DS,Jam Sessions,0.38,2007,Ubisoft,"Educational, Simulation",0,0,8.95,72,1,0,0,Educational|Simulation|RhythmAction|Music,Unknown
Sony PSP,Monster Hunter Freedom 2,0.38,2007,Capcom,"Action, Strategy",1,0,12.95,72,1,1,0,Action|Strategy|MedievalFantasy|Puzzle|RealTime|ThirdPerson,T
X360,Shadowrun,0.38,2007,Microsoft,Action,0,1,12.95,66,1,1,0,Action|SciFi|Shooter|FirstPerson,M
PlayStation 3,FIFA Soccer 08,0.37,2007,EA,Sports,1,0,17.95,81,7,1,1,Sports|Soccer|ThirdPerson,E
Nintendo Wii,Thrillville: Off the Rails,0.37,2007,LucasArts,"Simulation, Strategy",1,0,16.95,70,4,0,1,Simulation|Strategy|Boardgame|Managerial|RealTime|FirstPerson|ThirdPerson,Unknown
PlayStation 3,Tony Hawk's Proving Ground,0.37,2007,Activision,Sports,1,0,12.95,73,2,1,1,Sports|Skateboarding|ThirdPerson,T
Nintendo DS,My Word Coach,0.37,2007,Ubisoft,Educational,0,0,15.95,71,1,0,0,Educational|Reading,E
Nintendo DS,The World Ends With You,0.37,2007,SquareEnix,"Action, Adventure, Role-Playing (RPG)",0,0,17.95,88,1,0,0,Action|Adventure|RPG|Anime|Puzzle|ThirdPerson,T
Nintendo Wii,The BIGS,0.36,2007,2K,"Action, Simulation, Sports",0,0,17.95,66,4,0,1,Action|Simulation|Sports|Baseball|ThirdPerson,E
PlayStation 3,NCAA Football 08,0.36,2007,EA,Sports,1,0,9.95,77,2,1,1,Sports|AmericanFootball|ThirdPerson,E
Nintendo DS,Final Fantasy Tactics A2: Grimoire of the Rift,0.36,2007,SquareEnix,"Role-Playing (RPG), Strategy",1,0,17.95,80,1,0,0,RPG|Strategy|MedievalFantasy|TurnBased|Isometric,Unknown
X360,Beowulf: The Game,0.36,2007,Ubisoft,Action,0,0,12.95,51,1,0,1,Action|MedievalFantasy|Puzzle|ThirdPerson,M
X360,The Darkness,0.36,2007,2K,Action,0,0,14.95,82,1,1,1,Action|Comics|Horror|Shooter|FirstPerson,M
PlayStation 3,Tom Clancy's Ghost Recon: Advanced Warfighter 2...,0.35,2007,Ubisoft,Action,1,0,17.95,84,4,1,1,Action|RealTime|SciFi|Shooter|ThirdPerson,T
Sony PSP,Final Fantasy,0.35,2007,SquareEnix,Role-Playing (RPG),0,1,17.95,67,1,0,0,RPG|Anime|MedievalFantasy|TurnBased|TopDown,Unknown
PlayStation 3,Lair,0.35,2007,Sony,Action,0,0,19.95,53,1,1,0,Action|MedievalFantasy|FirstPerson|ThirdPerson,T
Nintendo Wii,Transformers: The Game,0.35,2007,Activision,Action,0,0,17.95,53,1,0,1,Action|Battlemech|SciFi|Shooter|ThirdPerson,T
X360,Command & Conquer 3: Tiberium Wars,0.35,2007,EA,Strategy,1,0,24.95,82,1,1,0,Strategy|RealTime|SciFi|ThirdPerson,T
X360,Overlord,0.35,2007,"Codemasters Software Company Limited, The","Action, Strategy",0,0,17.95,76,1,1,0,Action|Strategy|MedievalFantasy|SciFi|Shooter|ThirdPerson,T
Nintendo Wii,FIFA Soccer 08,0.34,2007,EA,Sports,1,0,16.95,65,4,0,1,Sports|Soccer|ThirdPerson,E
Nintendo DS,Diner Dash,0.34,2007,Secret Stash Games,Action,0,0,17.95,64,1,0,1,Action|Arcade,E
Nintendo Wii,Medal of Honor: Heroes 2,0.34,2007,EA,Action,1,0,19.95,73,1,1,1,Action|HistoricalBattle|Shooter|FirstPerson,T
X360,FIFA Soccer 08,0.33,2007,EA,Sports,1,0,12.95,82,4,1,1,Sports|Soccer|ThirdPerson,E
PlayStation 3,MX vs. ATV Untamed,0.33,2007,THQ,Racing / Driving,1,0,17.95,67,2,1,1,Racing|FirstPerson|TopDown|ThirdPerson,Unknown
PlayStation 3,Time Crisis 4,0.33,2007,Namco,Action,1,0,24.95,60,2,0,0,Action|Shooter|FirstPerson,T
Nintendo Wii,Dragon Ball Z: Budokai Tenkaichi 3,0.33,2007,Atari,Action,1,0,17.95,72,2,1,1,Action|Anime|Fighting|ThirdPerson,T
Nintendo DS,Final Fantasy XII: Revenant Wings,0.33,2007,SquareEnix,"Role-Playing (RPG), Strategy",1,0,19.95,81,1,0,0,RPG|Strategy|RealTime|ThirdPerson,Unknown
Sony PSP,SOCOM: U.S. Navy SEALs - Tactical Strike,0.33,2007,Sony,"Action, Strategy",1,0,14.95,72,1,0,0,Action|Strategy|Shooter|Spy|Stealth|FirstPerson|ThirdPerson,T
PlayStation 3,Unreal Tournament III,0.33,2007,Midway,Action,1,0,16.95,86,1,1,1,Action|SciFi|Shooter|FirstPerson,M
Nintendo Wii,Bee Movie Game,0.32,2007,Activision,Action,0,0,14.95,62,2,0,1,Action|ThirdPerson,E
X360,Def Jam: Icon,0.32,2007,EA,Action,1,0,17.95,69,2,1,1,Action|Arcade|Fighting|ThirdPerson,M
PlayStation 3,Transformers: The Game,0.32,2007,Activision,Action,0,0,17.95,54,1,0,1,Action|Battlemech|SciFi|Shooter|ThirdPerson,T
X360,TimeShift,0.32,2007,"Sierra Entertainment, Inc.",Action,0,0,12.95,70,1,1,1,Action|SciFi|Shooter|FirstPerson,M
Nintendo Wii,SSX Blur,0.31,2007,EA,Sports,1,0,17.95,74,4,0,0,Sports|Snowboarding|Tricks|ThirdPerson,E
Nintendo DS,Bleach: The Blade of Fate,0.31,2007,Sega,Action,1,0,17.95,83,1,0,0,Action|Anime|Arcade|Fighting|ThirdPerson,T
Nintendo DS,EA Playground,0.31,2007,EA,"Racing / Driving, Sports",0,0,11.95,60,1,0,1,Racing|Sports|Boardgame|Basketball|Skateboarding|Soccer|TopDown,E
Sony PSP,Final Fantasy II,0.31,2007,SquareEnix,Role-Playing (RPG),1,1,17.95,63,1,0,0,RPG|Anime|MedievalFantasy|TurnBased|TopDown,T
PlayStation 3,skate.,0.3,2007,EA,"Action, Sports",0,0,17.95,85,4,1,1,Action|Sports|Skateboarding|Tricks|ThirdPerson,T
PlayStation 3,The Eye of Judgment,0.3,2007,Sony,Strategy,0,0,12.95,75,2,1,0,Strategy|Boardgame|Cards|MedievalFantasy|TurnBased|ThirdPerson,T
PlayStation 3,MLB 07: The Show,0.3,2007,Sony,Sports,1,0,9.95,77,2,1,1,Sports|Baseball|FirstPerson|ThirdPerson,E
PlayStation 3,Virtua Fighter 5,0.3,2007,Sega,Action,1,0,14.95,85,2,0,1,Action|Fighting|MartialArts|ThirdPerson,T
Nintendo Wii,NiGHTS: Journey of Dreams,0.3,2007,Sega,Action,1,0,14.95,69,2,1,0,Action|Anime|ThirdPerson,E
Nintendo DS,Puzzle Quest: Challenge of the Warlords,0.3,2007,"D3Publisher Inc., D3Publisher of America, Inc., D3Publisher of Europe Ltd.","Role-Playing (RPG), Strategy",0,0,17.95,82,1,0,1,RPG|Strategy|MedievalFantasy|Puzzle|TurnBased|TopDown,Unknown
Sony PSP,NBA Live 08,0.3,2007,EA,Sports,1,0,14.95,73,1,0,1,Sports|Basketball|ThirdPerson,E
PlayStation 3,Kane & Lynch: Dead Men,0.29,2007,Eidos,Action,0,0,19.95,64,2,1,1,Action|Shooter|ThirdPerson,M
X360,Crash of the Titans,0.29,2007,"Sierra Entertainment, Inc.",Action,1,0,17.95,65,2,0,1,Action|Arcade|Platform|ThirdPerson,Unknown
Nintendo DS,Harry Potter and the Order of the Phoenix,0.29,2007,EA,Action,1,0,17.95,51,1,0,1,Action|Boardgame|Detective|MedievalFantasy|Puzzle|ThirdPerson,E
Nintendo DS,SimCity DS,0.29,2007,EA,Simulation,0,1,14.95,69,1,0,0,Simulation|Managerial|TopDown,E
Nintendo DS,Wario: Master of Disguise,0.29,2007,Nintendo,Action,1,0,14.95,60,1,0,0,Action|Puzzle|RealTime|Platform|ThirdPerson,Unknown
Nintendo Wii,My Horse & Me,0.29,2007,Atari,"Racing / Driving, Sports",0,0,17.95,49,1,0,0,Racing|Sports|Horse|FirstPerson|ThirdPerson,E
Nintendo Wii,No More Heroes,0.29,2007,Ubisoft,"Action, Racing / Driving",0,0,17.95,83,1,0,0,Action|Racing|Anime|Fighting|FirstPerson|ThirdPerson,M
X360,BlackSite: Area 51,0.29,2007,Midway,Action,1,0,17.95,62,1,1,1,Action|Shooter|FirstPerson,M
X360,Shrek the Third,0.28,2007,Activision,Action,1,0,14.95,56,2,0,1,Action|MedievalFantasy|Puzzle|ThirdPerson,Unknown
Nintendo DS,Shrek the Third,0.28,2007,Activision,Adventure,1,0,16.95,70,1,0,1,Adventure|MedievalFantasy|Puzzle|Platform|SideScrolling|ThirdPerson,E
Nintendo DS,Surf's Up,0.28,2007,Ubisoft,"Racing / Driving, Sports",0,0,14.95,56,1,0,1,Racing|Sports|Snowboarding|Surfing|ThirdPerson,E
Sony PSP,MLB 07: The Show,0.28,2007,Sony,Sports,1,0,9.95,82,1,0,1,Sports|Baseball|FirstPerson|ThirdPerson,E
X360,TMNT,0.28,2007,Ubisoft,Action,0,0,19.95,58,1,0,1,Action|Comics|Fighting|MartialArts|Platform|ThirdPerson,Unknown
X360,Spider-Man: Friend or Foe,0.27,2007,Activision,Action,1,0,17.95,60,2,0,1,Action|Comics|Fighting|ThirdPerson,Unknown
Nintendo DS,Contra 4,0.27,2007,Konami,Action,1,0,17.95,83,1,0,0,Action|Arcade|PostApocalyptic|SciFi|Shooter|SideScrolling,T
Nintendo DS,Phoenix Wright: Ace Attorney - Trials and Tribu...,0.27,2007,Capcom,"Adventure, Simulation",1,0,17.95,81,1,0,0,Adventure|Simulation|Anime|Detective|Puzzle|FirstPerson,T
Nintendo DS,Disney Pirates of the Caribbean: At World's End,0.27,2007,Disney,Action,1,0,14.95,66,1,0,1,Action|Fighting|MedievalFantasy|ThirdPerson,T
Sony PSP,Dragon Ball Z: Shin Budokai - Another Road,0.27,2007,Atari,Action,1,0,16.95,65,1,1,0,Action|Anime|Fighting|ThirdPerson,T
Sony PSP,Metal Gear Solid: Portable Ops + Coded Arms (Double Pack),0.27,2007,Konami,Action,0,0,16.95,65,1,0,0,Action|FirstPerson|ThirdPerson,T
PlayStation 3,Spider-Man 3,0.27,2007,Activision,Action,1,0,17.95,60,1,0,1,Action|Comics|Fighting|Puzzle|ThirdPerson,T
X360,The Golden Compass,0.27,2007,Sega,Action,0,0,9.95,41,1,0,1,Action|MedievalFantasy|Puzzle|ThirdPerson,Unknown
X360,Stuntman: Ignition,0.26,2007,THQ,"Action, Racing / Driving",1,0,14.95,75,4,1,1,Action|Racing|Tricks|FirstPerson|ThirdPerson,T
Nintendo Wii,Chicken Shoot,0.26,2007,"Destination Software, Inc.",Action,0,0,12.95,27,2,0,1,Action|Arcade|Shooter|FirstPerson,Unknown
Nintendo Wii,Shrek the Third,0.26,2007,Activision,Action,1,0,16.95,57,2,0,1,Action|MedievalFantasy|Puzzle|ThirdPerson,Unknown
Nintendo DS,DK: Jungle Climber,0.26,2007,Nintendo,"Action, Strategy",0,0,24.95,77,1,0,0,Action|Strategy|Puzzle|Platform|SideScrolling|ThirdPerson,E
Nintendo DS,Dragon Quest IV: Chapters of the Chosen,0.26,2007,SquareEnix,Role-Playing (RPG),1,1,24.95,80,1,0,0,RPG|MedievalFantasy|TurnBased|TopDown|ThirdPerson,Unknown
Sony PSP,300: March to Glory,0.26,2007,Eidos,Action,0,0,14.95,55,1,0,0,Action|MedievalFantasy|ThirdPerson,M
Nintendo Wii,Fire Emblem: Radiant Dawn,0.26,2007,Nintendo,"Role-Playing (RPG), Strategy",1,0,34.95,78,1,0,0,RPG|Strategy|Anime|MedievalFantasy|TurnBased|ThirdPerson,Unknown
Nintendo Wii,The Golden Compass,0.26,2007,Sega,Action,0,0,14.95,35,1,0,1,Action|MedievalFantasy|Puzzle|ThirdPerson,Unknown
Nintendo Wii,Manhunt 2,0.26,2007,Rockstar,Action,1,0,19.95,62,1,0,1,Action|Adult|Puzzle|Stealth|SurvivalHorror|ThirdPerson,M
X360,NASCAR 08,0.25,2007,EA,"Racing / Driving, Sports",1,0,12.95,59,1,1,1,Racing|Sports|FirstPerson|ThirdPerson,E
PlayStation 3,Virtua Tennis 3,0.24,2007,Sega,Sports,1,0,19.95,80,4,0,1,Sports|Tennis|ThirdPerson,E
X360,All-Pro Football 2K8,0.24,2007,2K,Sports,1,0,7.95,75,4,1,1,Sports|AmericanFootball|ThirdPerson,Unknown
PlayStation 3,Major League Baseball 2K7,0.24,2007,2K,Sports,1,0,7.95,74,2,1,1,Sports|Baseball|ThirdPerson,E
Nintendo DS,John Deere: Harvest in the Heartland,0.24,2007,Destineer Publishing Corp.,Strategy,0,0,17.95,43,1,0,0,Strategy|TopDown|ThirdPerson,E
Sony PSP,The Warriors,0.24,2007,Rockstar,Action,0,0,17.95,52,1,1,1,Action|Fighting|ThirdPerson,M
Sony PSP,Ghost Rider,0.23,2007,2K,Action,0,0,16.95,49,4,0,1,Action|Arcade|Comics|Fighting|Shooter|Motorcycle|ThirdPerson,T
Nintendo Wii,Tony Hawk's Proving Ground,0.23,2007,Activision,Sports,1,0,16.95,57,2,0,1,Sports|Skateboarding|ThirdPerson,T
X360,Juiced 2: Hot Import Nights,0.23,2007,THQ,Racing / Driving,1,0,14.95,68,2,1,1,Racing|Arcade|FirstPerson,T
Nintendo DS,Juiced 2: Hot Import Nights,0.23,2007,THQ,Racing / Driving,1,0,13.95,72,1,0,1,Racing|Arcade|FirstPerson|ThirdPerson,T
Sony PSP,The Simpsons Game,0.23,2007,EA,Action,0,0,16.95,59,1,0,1,Action|Comics|Fighting|Platform|ThirdPerson,T
Sony PSP,Syphon Filter: Logan's Shadow,0.23,2007,Sony,"Action, Strategy",1,0,16.95,85,1,1,0,Action|Strategy|Shooter|ThirdPerson,T
PlayStation 3,Tiger Woods PGA Tour 08,0.22,2007,EA,Sports,1,0,12.95,79,4,0,1,Sports|Golf|ThirdPerson,E
X360,Ratatouille,0.22,2007,THQ,Action,0,0,16.95,56,4,0,1,Action|Platform|ThirdPerson,E
Nintendo Wii,Trauma Center: New Blood,0.22,2007,Nintendo,"Action, Simulation",0,0,17.95,77,2,0,0,Action|Simulation|Anime|Arcade|Puzzle|SciFi|FirstPerson,T
Nintendo DS,Hotel Dusk: Room 215,0.22,2007,Nintendo,Adventure,0,0,14.95,78,1,0,0,Adventure|Detective|Puzzle|FirstPerson|TopDown|ThirdPerson,T
Nintendo DS,Mega Man ZX Advent,0.22,2007,Capcom,Action,1,0,17.95,78,1,0,0,Action|Anime|Puzzle|SciFi|Shooter|Platform|SideScrolling|ThirdPerson,Unknown
Sony PSP,FIFA Soccer 08,0.22,2007,EA,Sports,1,0,14.95,79,1,1,1,Sports|Soccer|ThirdPerson,E
Sony PSP,Silent Hill: 0rigins,0.22,2007,Konami,Action,1,0,17.95,78,1,0,1,Action|Fighting|Puzzle|Shooter|SurvivalHorror|ThirdPerson,M
X360,Harry Potter and the Order of the Phoenix,0.22,2007,EA,Action,1,0,16.95,68,1,0,1,Action|Boardgame|Detective|MedievalFantasy|Puzzle|ThirdPerson,Unknown
X360,NHL 08 ,0.22,2007,EA,Sports,1,0,9.95,85,1,0,1,Sports,Unknown
Sony PSP,Castlevania: The Dracula X Chronicles,0.21,2007,Konami,Action,1,0,16.95,80,2,1,0,Action|Horror|MedievalFantasy|Puzzle|Platform,T
Nintendo DS,Tony Hawk's Proving Ground,0.21,2007,Activision,Sports,1,0,13.95,39,1,0,0,Sports|Skateboarding|ThirdPerson,E
Sony PSP,Jeanne d'Arc,0.21,2007,Sony,"Role-Playing (RPG), Strategy",0,0,19.95,87,1,0,0,RPG|Strategy|Anime|HistoricalBattle|MedievalFantasy|TurnBased|Isometric|ThirdPerson,T
Nintendo Wii,BWii: Battalion Wars 2,0.21,2007,Nintendo,"Action, Simulation, Strategy",1,0,14.95,75,1,1,0,Action|Simulation|Strategy|Flight|Helicoptor|Naval|Shooter|Tank|TopDown|ThirdPerson,T
X360,Battlestations: Midway,0.21,2007,Eidos,"Action, Strategy",0,0,17.95,73,1,1,0,Action|Strategy|Flight|HistoricalBattle|Naval|RealTime|Shooter|FirstPerson|ThirdPerson,T
Nintendo DS,Dragon Ball Z: Harukanaru Densetsu,0.2,2007,Atari,Strategy,1,0,14.95,57,1,0,0,Strategy|Anime|Cards|Puzzle|TurnBased|Isometric,E
Nintendo DS,Touch the Dead,0.2,2007,"Secret Stash Games, Virgin PLAY S.A.",Action,1,0,16.95,56,1,0,0,Action|Shooter|SurvivalHorror|FirstPerson,M
PlayStation 3,The Darkness,0.2,2007,2K,Action,0,0,14.95,80,1,1,1,Action|Comics|Horror|Shooter|FirstPerson,M
Nintendo Wii,Donkey Kong Barrel Blast,0.19,2007,Nintendo,Racing / Driving,1,0,29.95,46,4,0,0,Racing|Arcade|ThirdPerson,E
X360,The BIGS,0.19,2007,2K,"Action, Simulation, Sports",0,0,12.95,79,4,1,1,Action|Simulation|Sports|Baseball|ThirdPerson,E
X360,Armored Core 4,0.19,2007,Sega,Action,1,0,17.95,65,2,1,1,Action|Battlemech|SciFi|Shooter|FirstPerson|ThirdPerson,T
Nintendo DS,Etrian Odyssey,0.19,2007,Nintendo,Role-Playing (RPG),0,0,24.95,75,1,0,0,RPG|MedievalFantasy|TurnBased|FirstPerson,T
Sony PSP,Ben 10: Protector of the Earth,0.19,2007,"D3Publisher of America, Inc., D3Publisher of Europe Ltd.",Action,0,0,16.95,60,1,0,1,Action,Unknown
PlayStation 3,Tom Clancy's Splinter Cell: Double Agent,0.19,2007,Ubisoft,"Action, Strategy",1,0,22.95,78,1,1,1,Action|Strategy|Shooter|Spy|Stealth|FirstPerson|ThirdPerson,M
Nintendo Wii,Looney Tunes: Acme Arsenal,0.19,2007,Warner Bros. Interactive Entertainment Inc.,Action,0,0,14.95,27,1,0,1,Action|Arcade|SciFi|Platform|ThirdPerson,Unknown
Nintendo Wii,Zack & Wiki: Quest for Barbaros' Treasure,0.19,2007,Capcom,Adventure,0,0,17.95,87,1,0,0,Adventure|Puzzle|FirstPerson|ThirdPerson,E
X360,Monster Jam,0.18,2007,Activision,Sports,0,0,17.95,43,4,0,0,Sports|OffRoad|FirstPerson|ThirdPerson,Unknown
X360,Virtua Fighter 5,0.18,2007,Sega,Action,1,0,17.95,89,2,1,1,Action|Fighting|MartialArts|ThirdPerson,T
Nintendo DS,Lunar Knights,0.18,2007,Konami,Action,0,0,16.95,82,1,0,0,Action|Anime|Puzzle|SciFi|Shooter|Stealth|Isometric|TopDown|ThirdPerson,Unknown
PlayStation 3,Enchanted Arms,0.18,2007,Ubisoft,Role-Playing (RPG),0,0,17.95,64,1,0,1,RPG|MedievalFantasy|Puzzle|TurnBased|ThirdPerson,T
PlayStation 3,F.E.A.R.: First Encounter Assault Recon,0.18,2007,"Sierra Entertainment, Inc.",Action,0,0,17.95,72,1,1,0,Action|Horror|Shooter|FirstPerson,M
PlayStation 3,Folklore,0.18,2007,Sony,"Action, Role-Playing (RPG)",0,0,24.95,75,1,0,0,Action|RPG|Detective|ThirdPerson,T
PlayStation 3,Juiced 2: Hot Import Nights,0.18,2007,THQ,Racing / Driving,1,0,17.95,71,1,0,1,Racing|Arcade|FirstPerson|ThirdPerson,T
X360,The Elder Scrolls IV: Shivering Isles,0.18,2007,Bethesda Softworks LLC,"Action, Role-Playing (RPG)",2,0,24.95,86,1,0,0,Action|RPG|MedievalFantasy|FirstPerson|ThirdPerson,M
X360,Final Fantasy XI: Wings of the Goddess,0.18,2007,SquareEnix,"Action, Role-Playing (RPG)",2,0,13.95,63,1,1,0,Action|RPG|PersistentUniverse|ThirdPerson,Unknown
PlayStation 3,NHL 08,0.17,2007,EA,Sports,1,0,9.95,86,7,1,1,Sports|Hockey|ThirdPerson,Unknown
X360,NCAA 07 March Madness,0.17,2007,EA,Sports,1,0,7.95,67,4,1,0,Sports|Basketball|ThirdPerson,E
X360,Rayman Raving Rabbids,0.17,2007,Ubisoft,Action,1,0,16.95,67,4,0,1,Action|Boardgame|Puzzle|FirstPerson|ThirdPerson,E
X360,Viva Pirata: Party Animals,0.17,2007,Microsoft,Racing / Driving,1,0,14.95,56,4,1,0,Racing|Boardgame|Gameshow|ThirdPerson,E
X360,Warriors Orochi,0.17,2007,"KOEI Co., Ltd., KOEI Corporation, KOEI Ltd.","Action, Role-Playing (RPG)",0,0,19.95,53,2,0,1,Action|RPG|MedievalFantasy|ThirdPerson,T
Nintendo DS,Luminous Arc,0.17,2007,"Atlus U.S.A., Inc., Rising Star Games Ltd.","Role-Playing (RPG), Strategy",0,0,24.95,70,1,1,0,RPG|Strategy|Anime|TurnBased|Isometric,T
Nintendo DS,Picross DS,0.17,2007,Nintendo,Strategy,0,0,17.95,83,1,1,0,Strategy|Puzzle|FirstPerson,E
PlayStation 3,Harry Potter and the Order of the Phoenix,0.17,2007,EA,Action,1,0,17.95,67,1,0,1,Action|Boardgame|Detective|MedievalFantasy|Puzzle|ThirdPerson,Unknown
PlayStation 3,College Hoops 2K7,0.16,2007,2K,Sports,1,0,6.95,81,6,1,1,Sports|Basketball|ThirdPerson,E
PlayStation 3,The BIGS,0.16,2007,2K,"Action, Simulation, Sports",0,0,22.95,80,4,1,0,Action|Simulation|Sports|Baseball|ThirdPerson,E
PlayStation 3,Stuntman: Ignition,0.16,2007,THQ,"Action, Racing / Driving",1,0,16.95,76,4,1,1,Action|Racing|Tricks|FirstPerson|ThirdPerson,T
Nintendo Wii,Mortal Kombat: Armageddon,0.16,2007,Midway,"Action, Racing / Driving",1,0,24.95,71,4,0,1,Action|Racing|Fighting|MartialArts|ThirdPerson,M
PlayStation 3,Def Jam: Icon,0.16,2007,EA,Action,1,0,16.95,68,2,1,1,Action|Arcade|Fighting|ThirdPerson,M
Nintendo Wii,Soulcalibur Legends,0.16,2007,Namco,Action,1,0,16.95,52,2,0,0,Action|Fighting|MedievalFantasy|ThirdPerson,T
Nintendo Wii,Surf's Up,0.16,2007,Ubisoft,Sports,0,0,16.95,64,2,0,1,Sports|Snowboarding|Surfing|ThirdPerson,Unknown
Nintendo DS,"Left Brain, Right Brain",0.16,2007,"505 Games S.R.L., Majesco Entertainment Company",Strategy,0,0,16.95,50,1,0,0,Strategy|MentalTraining|Puzzle,E
Nintendo DS,Planet Puzzle League,0.16,2007,Nintendo,Strategy,0,0,17.95,86,1,1,0,Strategy|Puzzle|ThirdPerson,E
PlayStation 3,DiRT,0.16,2007,"Codemasters France, Codemasters Software Company Limited, The","Racing / Driving, Simulation, Sports",0,0,17.95,83,1,1,1,Racing|Simulation|Sports|OffRoad|FirstPerson|ThirdPerson,E
Nintendo Wii,TMNT,0.16,2007,Ubisoft,Action,0,0,17.95,60,1,0,1,Action|Comics|Fighting|MartialArts|Platform|ThirdPerson,Unknown
X360,Soldier of Fortune: Payback,0.16,2007,Activision,Action,1,0,13.95,50,1,1,0,Action|Shooter|FirstPerson,M
PlayStation 3,Dynasty Warriors: Gundam,0.15,2007,Namco,Action,1,0,22.95,60,2,0,1,Action|Anime|Battlemech|SciFi|ThirdPerson,T
PlayStation 3,Disney Pirates of the Caribbean: At World's End,0.15,2007,Disney,Action,1,0,14.95,55,2,0,1,Action|Fighting|MedievalFantasy|Platform|ThirdPerson,T
X360,Bee Movie Game,0.15,2007,Activision,Action,0,0,12.95,71,2,0,1,Action|ThirdPerson,E
X360,Dynasty Warriors: Gundam,0.15,2007,Namco,Action,1,0,22.95,55,2,0,1,Action|Anime|Battlemech|SciFi|ThirdPerson,T
X360,Golden Axe,0.15,2007,Sega,Action,0,1,14.95,45,2,0,0,Action|Arcade|Fighting|MedievalFantasy|SideScrolling|ThirdPerson,T
Nintendo DS,Dementium: The Ward,0.15,2007,"Gamecock Media Group, SouthPeak Games",Action,0,0,17.95,72,1,0,0,Action|Horror|Shooter|SurvivalHorror|FirstPerson,M
Nintendo DS,Rondo of Swords,0.15,2007,"Atlus U.S.A., Inc., Success Corp.","Role-Playing (RPG), Strategy",0,0,19.95,69,1,0,0,RPG|Strategy|Anime|MedievalFantasy|TurnBased|TopDown,Unknown
Sony PSP,Disgaea: Afternoon of Darkness,0.15,2007,"KOEI Ltd., Nippon Ichi Software Inc., NIS America, Inc.","Role-Playing (RPG), Strategy",0,1,17.95,87,1,1,0,RPG|Strategy|MedievalFantasy|TurnBased|Isometric,T
PlayStation 3,NASCAR 08,0.15,2007,EA,"Racing / Driving, Sports",1,0,14.95,57,1,1,1,Racing|Sports|FirstPerson|ThirdPerson,E
Nintendo Wii,Dragon Quest Swords: The Masked Queen and the T...,0.15,2007,SquareEnix,Action,1,0,16.95,65,1,0,0,Action|Anime|Fighting|MedievalFantasy|FirstPerson,T
X360,Call of Juarez,0.15,2007,Ubisoft,Action,0,0,14.95,71,1,1,0,Action|Shooter|Stealth|FirstPerson,M
X360,College Hoops 2K8,0.15,2007,2K,Sports,1,0,9.95,81,1,0,1,Sports|Basketball|SideScrolling|TopDown|ThirdPerson,E
X360,Eternal Sonata,0.15,2007,Namco,Role-Playing (RPG),0,0,27.95,79,1,0,1,RPG|Anime|MedievalFantasy|TurnBased|ThirdPerson,T
X360,Kingdom Under Fire: Circle of Doom,0.15,2007,Microsoft,"Action, Role-Playing (RPG)",1,0,14.95,55,1,1,0,Action|RPG|MedievalFantasy|RealTime|FirstPerson|ThirdPerson,M
X360,Vampire Rain,0.15,2007,Microsoft,Action,0,0,11.95,38,1,1,0,Action|Horror|Stealth|ThirdPerson,M
PlayStation 3,All-Pro Football 2K8,0.14,2007,2K,Sports,1,0,9.95,73,6,1,1,Sports|AmericanFootball|ThirdPerson,Unknown
Nintendo Wii,Mercury Meltdown,0.14,2007,"Ignition Entertainment Ltd., Ignition Entertainment Ltd. USA",Strategy,0,0,12.95,77,2,0,0,Strategy|Puzzle|ThirdPerson,E
X360,Disney/Pixar Cars: Mater-National Championship,0.14,2007,THQ,Racing / Driving,1,0,17.95,58,2,0,1,Racing|FirstPerson|ThirdPerson,E
Sony PSP,Hard Rock Casino,0.14,2007,"Crave Entertainment, Inc.",Simulation,0,0,17.95,44,1,0,1,Simulation|Cards|Casino|ThirdPerson,T
PlayStation 3,Conan,0.14,2007,THQ,"Action, Adventure",0,0,17.95,69,1,0,1,Action|Adventure|Adult|Fighting|MartialArts|MedievalFantasy|ThirdPerson,M
Nintendo Wii,Cranium Kabookii,0.14,2007,Ubisoft,Strategy,0,0,17.95,64,1,0,0,Strategy|Boardgame|Puzzle,E
Nintendo Wii,The Godfather: Blackhand Edition,0.14,2007,EA,Action,0,1,22.95,77,1,0,0,Action|ThirdPerson,M
Nintendo Wii,Godzilla: Unleashed,0.14,2007,Atari,Action,1,0,24.95,44,1,0,1,Action|Fighting|SciFi|SideScrolling|ThirdPerson,Unknown
Nintendo Wii,NBA Live 08,0.14,2007,EA,Sports,1,0,14.95,52,1,0,1,Sports|Basketball|ThirdPerson,E
X360,Conan,0.14,2007,THQ,"Action, Adventure",0,0,14.95,69,1,0,1,Action|Adventure|Adult|Fighting|MartialArts|MedievalFantasy|ThirdPerson,M
Nintendo Wii,Spider-Man: Friend or Foe,0.13,2007,Activision,Action,1,0,17.95,59,2,0,1,Action|Comics|Fighting|ThirdPerson,Unknown
PlayStation 3,College Hoops 2K8,0.12,2007,2K,Sports,1,0,12.95,82,7,1,1,Sports|Basketball|SideScrolling|TopDown|ThirdPerson,E
PlayStation 3,NBA 08,0.12,2007,Sony,Sports,1,0,9.95,63,4,1,0,Sports|Basketball|ThirdPerson,E
X360,Thrillville: Off the Rails,0.12,2007,LucasArts,"Simulation, Strategy",1,0,17.95,73,4,0,1,Simulation|Strategy|Boardgame|Managerial|RealTime|FirstPerson|ThirdPerson,Unknown
Nintendo DS,Geometry Wars: Galaxies,0.12,2007,"Sierra Entertainment, Inc.",Action,0,1,14.95,79,1,0,1,Action|Shooter|TopDown,E
Nintendo DS,Rayman Raving Rabbids,0.12,2007,Ubisoft,Action,0,0,17.95,56,1,0,1,Action|Boardgame|Puzzle|Platform|SideScrolling|ThirdPerson,E
Nintendo DS,WordJong,0.12,2007,Destineer,Strategy,0,0,17.95,77,1,0,0,Strategy|Boardgame|Puzzle|TopDown,E
Sony PSP,"Warhammer 40,000: Squad Command",0.12,2007,THQ,Strategy,0,0,17.95,67,1,0,1,Strategy|SciFi|TurnBased|Isometric,T
PlayStation 3,Beowulf: The Game,0.12,2007,Ubisoft,Action,0,0,12.95,51,1,0,1,Action|MedievalFantasy|Puzzle|ThirdPerson,M
PlayStation 3,The Golden Compass,0.12,2007,Sega,Action,0,0,12.95,40,1,0,1,Action|MedievalFantasy|Puzzle|ThirdPerson,Unknown
Nintendo Wii,Scarface: The World is Yours,0.12,2007,"Sierra Entertainment, Inc.","Action, Racing / Driving",0,0,22.95,71,1,0,0,Action|Racing|Shooter|FirstPerson|ThirdPerson,M
X360,Hot Wheels: Beat That!,0.12,2007,Activision,"Action, Racing / Driving",1,0,19.95,43,1,0,0,Action|Racing|Arcade|Shooter|ThirdPerson,E
X360,NHL 2K8 ,0.12,2007,2K,Sports,1,0,6.95,71,1,0,1,Sports,Unknown
PlayStation 3,NBA Street Homecourt,0.11,2007,EA,Sports,1,0,14.95,81,4,0,1,Sports|Basketball|ThirdPerson,E
Nintendo Wii,Geometry Wars: Galaxies,0.11,2007,"Sierra Entertainment, Inc.",Action,0,1,16.95,80,2,0,1,Action|Shooter|TopDown,E
Nintendo DS,Final Fantasy: Crystal Chronicles - Echoes of Time,0.11,2007,SquareEnix,Action,1,0,24.95,75,1,1,1,Action|MedievalFantasy|PersistentUniverse|Isometric|TopDown|ThirdPerson,Unknown
Nintendo DS,Godzilla Unleashed: Double Smash,0.11,2007,Atari,Action,1,0,17.95,28,1,0,1,Action|SideScrolling|ThirdPerson,E
Nintendo DS,MX vs. ATV Untamed,0.11,2007,THQ,Racing / Driving,1,0,17.95,61,1,0,1,Racing|FirstPerson|TopDown|ThirdPerson,E
Nintendo DS,WWE SmackDown vs. Raw 2008,0.11,2007,THQ,Sports,1,0,14.95,61,1,0,1,Sports|Wrestling|ThirdPerson,T
Sony PSP,The BIGS,0.11,2007,2K,"Action, Simulation, Sports",0,0,16.95,72,1,1,1,Action|Simulation|Sports|Baseball|ThirdPerson,E
Sony PSP,Brave Story: New Traveler,0.11,2007,XSEED Games,Role-Playing (RPG),0,0,17.95,76,1,0,0,RPG|Anime|TurnBased|Isometric|ThirdPerson,Unknown
Sony PSP,WipEout Pulse,0.11,2007,Sony,"Action, Racing / Driving",1,0,16.95,82,1,0,0,Action|Racing|SciFi|FirstPerson|ThirdPerson,Unknown
PlayStation 3,TimeShift,0.11,2007,"Sierra Entertainment, Inc.",Action,0,0,16.95,70,1,1,1,Action|SciFi|Shooter|FirstPerson,M
Nintendo Wii,Star Trek: Conquest,0.11,2007,"Bethesda Softworks LLC, ZeniMax Europe Ltd.","Action, Strategy",0,0,27.95,49,1,0,1,Action|Strategy|RealTime|SciFi|TurnBased|ThirdPerson,E
X360,Beautiful Katamari,0.11,2007,Namco,Action,1,0,17.95,73,1,1,0,Action|ThirdPerson,E
X360,Hour of Victory,0.11,2007,Midway,Action,0,0,12.95,37,1,1,0,Action|Shooter|Spy|Stealth|FirstPerson,T
PlayStation 3,Fantastic Four: Rise of the Silver Surfer,0.1,2007,2K,Action,1,0,14.95,47,4,0,1,Action|Arcade|SciFi|ThirdPerson,T
X360,SEGA Rally Revo,0.1,2007,Sega,"Racing / Driving, Simulation",1,0,14.95,77,2,1,1,Racing|Simulation|FirstPerson|ThirdPerson,E
Nintendo DS,7 Wonders of the Ancient World,0.1,2007,"Codemasters Software Company Limited, The, MumboJumbo, LLC",Strategy,0,0,17.95,60,1,0,1,Strategy|Puzzle|ThirdPerson,E
Nintendo DS,Arctic Tale,0.1,2007,"Destination Software, Inc., White Park Bay Software Ltd",Action,0,0,11.95,38,1,0,0,Action|TopDown|ThirdPerson,E
Nintendo DS,Draglade,0.1,2007,"505 Games S.R.L., Atlus U.S.A., Inc.",Action,0,0,16.95,71,1,0,0,Action|Anime|Fighting|RhythmAction|SciFi|SideScrolling,Unknown
Nintendo DS,Final Fantasy Fables: Chocobo Tales,0.1,2007,SquareEnix,Action,1,0,17.95,75,1,1,0,Action|MedievalFantasy|Puzzle|ThirdPerson,E
Nintendo DS,Marvel Trading Card Game,0.1,2007,Konami,Strategy,0,0,16.95,61,1,0,0,Strategy|Cards|Comics|Puzzle|TurnBased|TopDown,T
Sony PSP,Crazy Taxi: Fare Wars,0.1,2007,Sega,"Action, Racing / Driving",0,1,17.95,64,1,1,0,Action|Racing|Arcade|ThirdPerson,Unknown
Sony PSP,Diner Dash: Sizzle & Serve,0.1,2007,Eidos,Action,1,0,17.95,55,1,0,1,Action|Arcade|Isometric|ThirdPerson,E
Sony PSP,The Golden Compass,0.1,2007,Sega,Action,0,0,14.95,28,1,0,1,Action|MedievalFantasy|Puzzle|ThirdPerson,Unknown
Sony PSP,Harry Potter and the Order of the Phoenix,0.1,2007,EA,Action,1,0,16.95,52,1,1,1,Action|Boardgame|Detective|MedievalFantasy|Puzzle|ThirdPerson,Unknown
Sony PSP,Hot Wheels: Ultimate Racing,0.1,2007,"Destination Software, Inc.","Action, Racing / Driving",0,0,17.95,60,1,1,0,Action|Racing|Tricks|FirstPerson|ThirdPerson,E
PlayStation 3,Bladestorm: The Hundred Years' War,0.1,2007,KOEI Ltd.,"Action, Role-Playing (RPG), Strategy",0,0,44.95,58,1,0,1,Action|RPG|Strategy|HistoricalBattle|ThirdPerson,T
X360,Surf's Up,0.09,2007,Ubisoft,Sports,0,0,17.95,61,4,0,1,Sports|Snowboarding|Surfing|ThirdPerson,Unknown
Nintendo DS,Uno / Skip-Bo / Uno Freefall,0.09,2007,"Destination Software, Inc.",Strategy,0,0,17.95,59,2,0,0,Strategy|Boardgame|Cards|TopDown,E
X360,Blazing Angels 2: Secret Missions of WWII,0.09,2007,Ubisoft,Action,1,0,16.95,72,2,1,1,Action|Flight|HistoricalBattle|RealTime|ThirdPerson,T
Nintendo DS,InuYasha: Secret of the Divine Jewel,0.09,2007,Namco,Role-Playing (RPG),0,0,24.95,46,1,0,0,RPG|Anime|ThirdPerson,Unknown
Nintendo DS,The Settlers,0.09,2007,Ubisoft,Strategy,0,1,17.95,39,1,0,0,Strategy|Managerial|MedievalFantasy|RealTime|Isometric,E
Sony PSP,Shrek the Third,0.09,2007,Activision,Action,1,0,22.95,57,1,0,1,Action|MedievalFantasy|Puzzle|ThirdPerson,Unknown
PlayStation 3,Ratatouille,0.09,2007,THQ,Action,0,0,17.95,55,1,0,1,Action|Platform|ThirdPerson,E
PlayStation 3,Soldier of Fortune: Payback,0.09,2007,Activision,Action,1,0,14.95,50,1,1,0,Action|Shooter|FirstPerson,M
Nintendo Wii,Heatseeker,0.09,2007,"Codemasters Software Company Limited, The",Action,0,0,17.95,62,1,0,1,Action|Arcade|Flight|Shooter|FirstPerson|ThirdPerson,T
PlayStation 3,NHL 2K8,0.08,2007,Take-Two Interactive Software Europe Ltd.,Sports,1,0,9.95,74,7,1,1,Sports|Hockey|ThirdPerson,E
PlayStation 3,NCAA March Madness 08,0.08,2007,EA,Sports,1,0,12.95,67,4,0,0,Sports|Basketball|SideScrolling|TopDown|ThirdPerson,E
X360,Fantastic Four: Rise of the Silver Surfer,0.08,2007,2K,Action,1,0,14.95,45,4,0,1,Action|Arcade|SciFi|ThirdPerson,T
X360,Monster Madness: Battle for Suburbia,0.08,2007,"SouthPeak Games, SouthPeak Interactive, LLC",Action,0,0,14.95,55,4,1,0,Action|Shooter|ThirdPerson,T
X360,Pro Evolution Soccer 2008,0.08,2007,Konami,Sports,1,0,14.95,76,4,1,1,Sports|Soccer|Isometric|TopDown|ThirdPerson,E
PlayStation 3,Blazing Angels 2: Secret Missions of WWII,0.08,2007,Ubisoft,Action,1,0,22.95,70,2,1,1,Action|Flight|HistoricalBattle|RealTime|ThirdPerson,T
Nintendo DS,Cake Mania,0.08,2007,"Majesco Entertainment Company, Majesco Europe Ltd.",Action,0,0,16.95,55,1,0,0,Action|Arcade|ThirdPerson,E
Nintendo DS,River King: Mystic Valley,0.08,2007,"Marvelous Entertainment Inc., Natsume, Inc., Rising Star Games Ltd.","Adventure, Simulation, Sports",0,0,24.95,54,1,1,0,Adventure|Simulation|Sports|Fishing|ThirdPerson,E
Nintendo DS,Touch Detective 2 1/2,0.08,2007,"505 Games S.R.L., Atlus U.S.A., Inc., Success Corp.",Adventure,1,0,14.95,67,1,0,0,Adventure|Anime|Detective|Puzzle|ThirdPerson,E
Sony PSP,7 Wonders of the Ancient World,0.08,2007,"Codemasters Software Company Limited, The, MumboJumbo, LLC",Strategy,0,0,17.95,51,1,0,1,Strategy|Puzzle|ThirdPerson,E
Sony PSP,Brooktown High,0.08,2007,Konami,Simulation,0,0,16.95,51,1,0,0,Simulation|FirstPerson|ThirdPerson,T
Sony PSP,Crush,0.08,2007,Sega,Action,0,0,16.95,83,1,0,0,Action|Puzzle|Platform|SideScrolling|TopDown|ThirdPerson,Unknown
Sony PSP,Jackass: The Game,0.08,2007,"Red Mile Entertainment, Inc.",Action,0,0,17.95,58,1,0,1,Action|Arcade|TopDown|ThirdPerson,M
Sony PSP,The Sims 2: Castaway,0.08,2007,EA,Simulation,1,0,17.95,64,1,0,1,Simulation|Managerial|Puzzle|RealTime|Isometric,Unknown
Sony PSP,Test Drive Unlimited,0.08,2007,Atari,Racing / Driving,1,0,17.95,80,1,0,1,Racing|FirstPerson|ThirdPerson,Unknown
Sony PSP,Thrillville: Off the Rails,0.08,2007,LucasArts,"Simulation, Strategy",1,0,16.95,72,1,1,1,Simulation|Strategy|Boardgame|Managerial|RealTime|FirstPerson|ThirdPerson,Unknown
Nintendo Wii,Victorious Boxers: Revolution,0.08,2007,Ubisoft,"Action, Simulation, Sports",1,0,24.95,59,1,0,0,Action|Simulation|Sports|Anime|Boxing|FirstPerson,T
X360,Bladestorm: The Hundred Years' War,0.08,2007,KOEI Ltd.,"Action, Role-Playing (RPG), Strategy",0,0,34.95,63,1,0,1,Action|RPG|Strategy|HistoricalBattle|ThirdPerson,T
X360,Looney Tunes: Acme Arsenal,0.07,2007,Warner Bros. Interactive Entertainment Inc.,Action,0,0,17.95,40,4,0,1,Action|Arcade|SciFi|Platform|ThirdPerson,Unknown
PlayStation 3,SEGA Rally Revo,0.07,2007,Sega,"Racing / Driving, Simulation",1,0,16.95,75,2,1,0,Racing|Simulation|FirstPerson|ThirdPerson,E
Nintendo DS,Death Jr. and the Science Fair of Doom,0.07,2007,Konami,Action,1,0,12.95,47,1,0,0,Action|Arcade|TopDown,Unknown
Nintendo DS,Glory Days 2,0.07,2007,THQ,"Action, Strategy",1,0,10.95,73,1,0,0,Action|Strategy|Helicoptor|SideScrolling|ThirdPerson,Unknown
Nintendo DS,Indianapolis 500 Legends,0.07,2007,Destineer,Racing / Driving,0,0,16.95,51,1,0,0,Racing|FirstPerson|ThirdPerson,E
Nintendo DS,Jenga World Tour,0.07,2007,Atari,Strategy,0,0,13.95,32,1,0,1,Strategy|Boardgame|Puzzle|FirstPerson,E
Nintendo DS,Operation: Vietnam,0.07,2007,Majesco Entertainment Company,Action,0,0,17.95,65,1,0,0,Action|HistoricalBattle|Shooter|TopDown,T
Nintendo DS,Worms: Open Warfare 2,0.07,2007,THQ,"Action, Strategy",1,0,17.95,81,1,1,1,Action|Strategy|SideScrolling,Unknown
Sony PSP,Alien Syndrome,0.07,2007,Sega,Action,1,0,12.95,51,1,1,1,Action|Arcade|SciFi|Shooter|TopDown|ThirdPerson,T
PlayStation 3,BlackSite: Area 51,0.07,2007,Midway,Action,1,0,17.95,56,1,1,1,Action|Shooter|FirstPerson,M
Nintendo Wii,Code Lyoko: Quest for Infinity,0.07,2007,"The American Game Factory, Inc., The Game Factory ApS",Action,0,0,17.95,58,1,0,0,Action|SciFi|Platform|ThirdPerson,Unknown
Nintendo Wii,Super Swing Golf Season 2,0.07,2007,"Tecmo, Inc.",Sports,1,0,19.95,70,1,0,0,Sports|Golf|ThirdPerson,Unknown
X360,CSI: Crime Scene Investigation - Hard Evidence,0.07,2007,Ubisoft,Adventure,0,0,19.95,48,1,0,1,Adventure|Detective|Puzzle|FirstPerson,M
X360,FlatOut: Ultimate Carnage,0.07,2007,Empire Interactive Entertainment,Racing / Driving,1,0,16.95,80,1,1,0,Racing|FirstPerson|ThirdPerson,T
X360,Zoids Assault,0.07,2007,"Atlus U.S.A., Inc., TAKARATOMY","Role-Playing (RPG), Strategy",0,0,17.95,46,1,0,0,RPG|Strategy|Anime|TurnBased|Isometric,T
Nintendo Wii,Alien Syndrome,0.06,2007,Sega,Action,0,1,12.95,48,4,0,1,Action|Arcade|SciFi|Shooter|TopDown|ThirdPerson,T
X360,Tetris Evolution,0.06,2007,THQ,Strategy,1,0,17.95,52,4,1,0,Strategy|Puzzle|RealTime,E
Nintendo Wii,Showtime Championship Boxing,0.06,2007,"Destination Software, Inc., White Park Bay Software Ltd","Action, Sports",0,0,12.95,35,2,0,0,Action|Sports|Boxing|ThirdPerson,Unknown
Nintendo DS,Heroes of Mana,0.06,2007,SquareEnix,Strategy,1,0,24.95,66,1,0,0,Strategy|Anime|MedievalFantasy|RealTime|TopDown,Unknown
Nintendo DS,Myst,0.06,2007,Midway,Adventure,0,1,24.95,43,1,0,0,Adventure|MedievalFantasy|Puzzle|FirstPerson,E
Sony PSP,Coded Arms: Contagion,0.06,2007,Konami,Action,1,0,14.95,56,1,0,0,Action|Cyberpunk|SciFi|Shooter|FirstPerson,T
Nintendo Wii,King of Clubs,0.06,2007,Oxygen Interactive Software Ltd.,Sports,0,0,14.95,35,1,0,0,Sports|Golf|ThirdPerson,E
X360,F.E.A.R. Files,0.06,2007,"Sierra Entertainment, Inc., Vivendi Universal Games, Inc.",Action,1,0,17.95,66,1,1,0,Action|Horror|SciFi|Shooter|FirstPerson,M
Nintendo DS,Ontamarama,0.05,2007,"Atlus U.S.A., Inc., Noise Factory",Action,0,0,17.95,71,1,0,0,Action|Anime|RhythmAction,E
Nintendo DS,Pony Friends,0.05,2007,Eidos,Simulation,0,0,17.95,67,1,0,0,Simulation|RealTime|ThirdPerson,E
Nintendo DS,Retro Game Challenge,0.05,2007,Namco,"Action, Racing / Driving, Role-Playing (RPG)",0,1,17.95,77,1,0,0,Action|Racing|RPG|Arcade|MedievalFantasy|SciFi|Shooter|Platform|SideScrolling|TopDown|ThirdPerson,E
Nintendo DS,Ultimate Mortal Kombat 3,0.05,2007,Midway,Action,1,1,23.95,73,1,0,0,Action|Fighting|SideScrolling|ThirdPerson,M
Nintendo DS,"Warhammer 40,000: Squad Command",0.05,2007,THQ,Strategy,0,0,17.95,57,1,0,1,Strategy|SciFi|TurnBased|Isometric,T
Sony PSP,Juiced 2: Hot Import Nights,0.05,2007,THQ,Racing / Driving,1,0,16.95,73,1,0,1,Racing|Arcade|FirstPerson|ThirdPerson,T
Sony PSP,Pursuit Force: Extreme Justice,0.05,2007,Sony,"Action, Racing / Driving",1,0,14.95,73,1,0,0,Action|Racing|Shooter|FirstPerson|ThirdPerson,T
Nintendo Wii,Jenga World Tour,0.05,2007,Atari,Strategy,0,0,16.95,26,1,0,1,Strategy|Boardgame|Puzzle|FirstPerson,E
Nintendo Wii,Medal of Honor: Vanguard,0.05,2007,EA,Action,1,0,17.95,56,1,0,1,Action|HistoricalBattle|Shooter|FirstPerson,T
X360,World Series of Poker 2008: Battle for the Brac...,0.05,2007,Activision,Simulation,1,0,19.95,74,1,0,1,Simulation|Cards|Casino,T
PlayStation 3,Pro Evolution Soccer 2008,0.04,2007,Konami,Sports,1,0,17.95,74,7,1,1,Sports|Soccer|Isometric|TopDown|ThirdPerson,E
Sony PSP,Worms: Open Warfare 2,0.04,2007,THQ,"Action, Strategy",1,0,17.95,80,4,1,1,Action|Strategy|SideScrolling,Unknown
PlayStation 3,Surf's Up,0.04,2007,Ubisoft,Sports,0,0,17.95,59,4,0,1,Sports|Snowboarding|Surfing|ThirdPerson,Unknown
Nintendo Wii,Fantastic Four: Rise of the Silver Surfer,0.04,2007,2K,Action,1,0,12.95,39,4,0,1,Action|Arcade|SciFi|ThirdPerson,T
Nintendo DS,Brothers in Arms DS,0.04,2007,Ubisoft,Action,0,0,17.95,72,1,0,0,Action|HistoricalBattle|Shooter|ThirdPerson,M
Nintendo DS,Bubble Bobble Double Shot,0.04,2007,"Ignition Entertainment Ltd. USA, Rising Star Games Ltd.",Action,0,1,17.95,50,1,0,0,Action|Arcade|Platform,E
Nintendo DS,Fantastic Four: Rise of the Silver Surfer,0.04,2007,2K,Action,1,0,14.95,35,1,0,1,Action|Arcade|SciFi|ThirdPerson,Unknown
Nintendo DS,Showtime Championship Boxing,0.04,2007,"Destination Software, Inc., White Park Bay Software Ltd","Action, Sports",0,0,7.95,33,1,0,0,Action|Sports|Boxing|ThirdPerson,Unknown
Nintendo DS,Zendoku,0.04,2007,Eidos,"Role-Playing (RPG), Strategy",0,0,16.95,68,1,0,0,RPG|Strategy|MedievalFantasy|Puzzle|TurnBased|TopDown,E
Sony PSP,Heatseeker,0.04,2007,"Codemasters Software Company Limited, The, Red Mile Entertainment, Inc.",Action,0,0,12.95,49,1,0,1,Action|Arcade|Flight|Shooter|FirstPerson|ThirdPerson,T
Sony PSP,Manhunt 2,0.04,2007,Rockstar,Action,1,0,7.95,69,1,0,1,Action|Adult|Puzzle|Stealth|SurvivalHorror|ThirdPerson,M
Sony PSP,SWAT: Target Liberty,0.04,2007,"Sierra Entertainment, Inc.","Action, Strategy",0,0,12.95,50,1,0,0,Action|Strategy|Shooter|Stealth|Isometric,T
Nintendo Wii,Anubis II,0.04,2007,"Conspiracy Entertainment Corp., Popcorn Arcade",Action,1,0,9.95,19,1,0,0,Action|ThirdPerson,E
Nintendo Wii,Barnyard,0.04,2007,THQ,"Action, Adventure",0,0,17.95,65,1,0,1,Action|Adventure|ThirdPerson,Unknown
Nintendo Wii,Escape from Bug Island,0.04,2007,Eidos,Action,0,0,14.95,37,1,0,0,Action|SurvivalHorror|ThirdPerson,M
Nintendo Wii,Octomania,0.04,2007,"Compile Heart Co., Ltd., Conspiracy Entertainment Corp.","Action, Strategy",0,0,14.95,66,1,0,0,Action|Strategy|Arcade|MedievalFantasy|Puzzle|ThirdPerson,E
X360,Cabela's Big Game Hunter,0.04,2007,Activision,"Simulation, Sports",1,0,19.95,51,1,0,1,Simulation|Sports|Hunting|FirstPerson|ThirdPerson,T
X360,UEFA Champions League 2006-2007,0.03,2007,EA,Sports,0,0,6.95,72,4,1,1,Sports|Soccer|Isometric|ThirdPerson,E
Sony PSP,Aliens Vs Predator: Requiem,0.03,2007,"Sierra Entertainment, Inc.",Action,1,0,17.95,49,2,1,0,Action|SciFi|ThirdPerson,T
Sony PSP,NBA 08,0.03,2007,Sony,Sports,1,0,7.95,75,2,1,0,Sports|Basketball|ThirdPerson,E
Nintendo Wii,Guilty Gear XX ? Core,0.03,2007,"505 GameStreet, Aksys Games, Arc System Works Co., Ltd.",Action,1,0,24.95,75,2,0,1,Action|Anime|Fighting|ThirdPerson,T
Nintendo DS,Arkanoid DS,0.03,2007,SquareEnix,Strategy,0,1,16.95,61,1,1,0,Strategy|Arcade|Paddle|TopDown,E
Nintendo DS,Battleship / Connect Four / Sorry! / Trouble,0.03,2007,"Destination Software, Inc.",Strategy,0,0,17.95,55,1,0,0,Strategy|Boardgame|FirstPerson,E
Nintendo DS,Code Lyoko,0.03,2007,The Game Factory ApS,"Action, Adventure",0,0,11.95,63,1,0,0,Action|Adventure|Puzzle|ThirdPerson,Unknown
Nintendo DS,Drake & Josh: Talent Showdown,0.03,2007,THQ,"Action, Adventure",0,0,15.95,43,1,0,0,Action|Adventure|RhythmAction|TopDown|ThirdPerson,E
Nintendo DS,Dynasty Warriors DS: Fighter's Battle,0.03,2007,KOEI Corporation,"Action, Strategy",1,0,14.95,56,1,0,0,Action|Strategy|Anime|Fighting|HistoricalBattle|PersistentUniverse|RealTime|TopDown|ThirdPerson,Unknown
Nintendo DS,Orcs & Elves,0.03,2007,EA,"Action, Role-Playing (RPG)",0,0,14.95,68,1,0,0,Action|RPG|MedievalFantasy|TurnBased|FirstPerson,T
Nintendo DS,Prism: Light the Way,0.03,2007,Eidos,"Action, Strategy",0,0,16.95,73,1,0,0,Action|Strategy|Arcade|Puzzle|TopDown,E
Sony PSP,Dead Head Fred,0.03,2007,"D3Publisher of America, Inc., D3Publisher of Europe Ltd.",Action,0,0,12.95,75,1,0,0,Action|Detective|Horror|Puzzle|ThirdPerson,M
Sony PSP,Driver '76,0.03,2007,Ubisoft,"Action, Racing / Driving",1,0,17.95,57,1,1,0,Action|Racing|Shooter|FirstPerson|ThirdPerson,M
Sony PSP,Hot Pixel,0.03,2007,Atari,Action,0,0,8.95,55,1,0,0,Action|Arcade,T
Sony PSP,The Legend of Heroes III: Song of the Ocean,0.03,2007,Namco,Role-Playing (RPG),1,0,17.95,58,1,0,0,RPG|MedievalFantasy|TopDown,Unknown
Sony PSP,SEGA Rally Revo,0.03,2007,Sega,"Racing / Driving, Simulation",1,0,16.95,74,1,1,1,Racing|Simulation|FirstPerson|ThirdPerson,E
Nintendo Wii,Bionicle Heroes,0.03,2007,Eidos,Action,0,0,17.95,52,1,0,1,Action|SciFi|Shooter|ThirdPerson,Unknown
Sony PSP,Burnout Dominator,0.02,2007,EA,"Action, Racing / Driving",1,0,17.95,76,4,1,1,Action|Racing|FirstPerson|ThirdPerson,Unknown
Nintendo Wii,Balls of Fury,0.02,2007,"Destination Software, Inc., White Park Bay Software Ltd","Action, Sports",0,0,9.95,19,2,0,1,Action|Sports|PingPong|FirstPerson,Unknown
X360,Samurai Warriors 2: Empires,0.02,2007,"KOEI Co., Ltd.","Action, Role-Playing (RPG), Strategy",0,0,19.95,53,2,0,1,Action|RPG|Strategy|Fighting|HistoricalBattle|MartialArts|MedievalFantasy|ThirdPerson,T
Nintendo DS,B-17: Fortress in the Sky,0.02,2007,"Destination Software, Inc., ZOO Digital Publishing Ltd",Action,0,0,12.95,38,1,0,0,Action|Flight|Shooter|FirstPerson|TopDown,Unknown
Nintendo DS,Meteos: Disney Magic,0.02,2007,Disney,Strategy,1,0,12.95,74,1,0,0,Strategy|Puzzle|ThirdPerson,E
Nintendo DS,Turn It Around,0.02,2007,Majesco Entertainment Company,"Racing / Driving, Sports",0,0,9.95,39,1,0,0,Racing|Sports|Boardgame|Flight|Puzzle|Shooter|Baseball|Fishing|Golf|Skateboarding|SideScrolling|TopDown|ThirdPerson,E
Sony PSP,Cube,0.02,2007,"D3Publisher Inc., D3Publisher of Europe Ltd.",Strategy,0,0,17.95,60,1,1,0,Strategy|Puzzle|ThirdPerson,E
Sony PSP,Dragoneer's Aria,0.02,2007,"KOEI Ltd., Nippon Ichi Software Inc.",Role-Playing (RPG),0,0,24.95,56,1,1,0,RPG|Anime|MedievalFantasy|TurnBased|ThirdPerson,Unknown
Sony PSP,The Fast and the Furious,0.02,2007,Namco,Racing / Driving,0,0,22.95,58,1,0,0,Racing|ThirdPerson,T
Sony PSP,R-Type Command,0.02,2007,"Atlus U.S.A., Inc., Irem Software Engineering, Inc.",Strategy,1,0,14.95,69,1,0,0,Strategy|SciFi|TurnBased|SideScrolling,Unknown
Sony PSP,Virtua Tennis 3,0.02,2007,Sega,Sports,1,0,16.95,79,1,0,1,Sports|Tennis|ThirdPerson,E
X360,Virtua Tennis 3,0.01,2007,Sega,Sports,1,0,14.95,80,4,1,1,Sports|Tennis|ThirdPerson,E
Nintendo DS,Balls of Fury,0.01,2007,"Destination Software, Inc.","Action, Sports",0,0,9.95,62,1,0,1,Action|Sports|PingPong|FirstPerson,Unknown
Nintendo DS,Front Mission,0.01,2007,SquareEnix,Strategy,0,0,17.95,72,1,0,0,Strategy|Anime|Battlemech|SciFi|TurnBased|TopDown,Unknown
Nintendo DS,Konami Classics Series: Arcade Hits,0.01,2007,Konami,"Action, Racing / Driving, Sports",0,1,17.95,76,1,0,0,Action|Racing|Sports,Unknown
Nintendo DS,Lost in Blue 2,0.01,2007,Konami,Role-Playing (RPG),1,0,17.95,58,1,0,0,RPG|Puzzle|ThirdPerson,Unknown
Nintendo DS,Nancy Drew: The Deadly Secret of Olde World Park,0.01,2007,"Majesco Entertainment Company, Majesco Europe Ltd.",Adventure,0,0,17.95,64,1,0,0,Adventure|Detective|Puzzle|TopDown|ThirdPerson,E
Nintendo DS,Nervous Brickdown,0.01,2007,"Secret Stash Games, Success Corp.",Action,0,0,17.95,70,1,0,0,Action|Arcade|Paddle,E
Nintendo DS,Original Frisbee Disc Sports: Ultimate & Golf,0.01,2007,"Destination Software, Inc.",Sports,0,0,9.95,31,1,0,0,Sports|ThirdPerson,E
Nintendo DS,Sea Monsters: A Prehistoric Adventure,0.01,2007,"Destination Software, Inc., White Park Bay Software Ltd","Action, Educational",0,0,13.95,43,1,0,0,Action|Educational|Ecology|History|ThirdPerson,E
Sony PSP,After Burner: Black Falcon,0.01,2007,Sega,Action,1,0,19.95,73,1,1,0,Action|Arcade|Flight|Shooter|ThirdPerson,T
Sony PSP,Capcom Puzzle World,0.01,2007,Capcom,Strategy,0,1,19.95,65,1,1,0,Strategy|Puzzle|RealTime,E
Sony PSP,Puzzle Quest: Challenge of the Warlords,0.01,2007,"D3Publisher Inc., D3Publisher of America, Inc., D3Publisher of Europe Ltd.","Role-Playing (RPG), Strategy",0,0,17.95,84,1,1,1,RPG|Strategy|MedievalFantasy|Puzzle|TurnBased|TopDown,Unknown
Sony PSP,Smash Court Tennis 3,0.01,2007,Namco,Sports,1,0,19.95,68,1,0,1,Sports|Arcade|Tennis|ThirdPerson,E
Sony PSP,Traxxpad: Portable Studio,0.01,2007,Eidos,"Educational, Simulation",0,0,17.95,78,1,1,0,Educational|Simulation|RhythmAction|Music|TopDown,Unknown
Sony PSP,UEFA Champions League 2006-2007,0.01,2007,EA,Sports,1,0,14.95,71,1,1,1,Sports|Soccer|Isometric|ThirdPerson,E
Sony PSP,Winx Club: Join the Club,0.01,2007,Konami,"Action, Racing / Driving, Strategy",0,0,17.95,30,1,0,0,Action|Racing|Strategy|Puzzle|TopDown|ThirdPerson,E
Nintendo Wii,Driver: Parallel Lines,0.01,2007,Ubisoft,"Action, Racing / Driving",1,0,24.95,59,1,0,1,Action|Racing|Shooter|ThirdPerson,M
Nintendo Wii,Mario Kart Wii,12.39,2008,Nintendo,Racing / Driving,1,0,29.95,82,4,1,0,Racing|ThirdPerson,E
X360,Grand Theft Auto IV,5.76,2008,Rockstar,"Action, Racing / Driving",1,0,24.95,98,1,1,1,Action|Racing|Fighting|Shooter|FirstPerson|ThirdPerson,M
Nintendo Wii,Super Smash Bros.: Brawl,5.71,2008,Nintendo,Action,1,0,39.95,93,6,1,0,Action|Fighting|SideScrolling|ThirdPerson,T
X360,Call of Duty: World at War,4.58,2008,Activision,Action,1,0,29.95,84,4,1,1,Action|HistoricalBattle|Shooter|FirstPerson,M
PlayStation 3,Grand Theft Auto IV,3.91,2008,Rockstar,"Action, Racing / Driving",1,0,24.95,98,1,1,1,Action|Racing|Fighting|Shooter|FirstPerson|ThirdPerson,M
X360,Gears of War 2,3.9,2008,Microsoft,Action,1,0,24.95,93,2,1,0,Action|SciFi|Shooter|ThirdPerson,M
Nintendo DS,Pokemon: Platinum Version,2.86,2008,Nintendo,"Adventure, Role-Playing (RPG)",1,0,27.95,83,1,0,0,Adventure|RPG,E
PlayStation 3,Metal Gear Solid 4: Guns of the Patriots,2.58,2008,Konami,Action,1,0,22.95,94,1,1,0,Action|MartialArts|Shooter|Spy|Stealth|FirstPerson|ThirdPerson,Unknown
X360,Fable II,2.55,2008,Microsoft,Role-Playing (RPG),1,0,17.95,89,1,1,0,RPG|MedievalFantasy|ThirdPerson,M
PlayStation 3,Call of Duty: World at War,2.53,2008,Activision,Action,1,0,29.95,85,4,1,1,Action|HistoricalBattle|Shooter|FirstPerson,M
Nintendo Wii,Guitar Hero: World Tour,2.47,2008,Activision,"Action, Simulation",1,0,17.95,86,4,1,1,Action|Simulation|RhythmAction|ThirdPerson,T
PlayStation 3,LittleBigPlanet,2.46,2008,Sony,Action,0,0,24.95,95,4,1,0,Action|Platform|ThirdPerson,E
X360,Fallout 3,2.44,2008,"Bethesda Softworks LLC, ZeniMax Europe Ltd.","Action, Role-Playing (RPG)",1,0,17.95,93,1,0,1,Action|RPG|PostApocalyptic|SciFi|Shooter|FirstPerson|ThirdPerson,M
X360,LEGO Indiana Jones: The Original Adventures,2.42,2008,"LucasArts, TT Games Publishing Ltd",Action,0,0,9.95,77,2,0,1,Action|Puzzle|Platform|ThirdPerson,Unknown
X360,Left 4 Dead,2.39,2008,Valve Corporation,Action,0,0,19.95,89,2,1,0,Action|Shooter|SurvivalHorror|FirstPerson,M
X360,Madden NFL 09,2.33,2008,EA,Sports,1,0,14.95,83,4,1,1,Sports|AmericanFootball|ThirdPerson,E
Nintendo DS,Guitar Hero: On Tour,2.22,2008,Activision,"Action, Simulation",1,0,14.95,71,1,0,0,Action|Simulation|RhythmAction|ThirdPerson,Unknown
X360,Kung Fu Panda,2.04,2008,Activision,Action,0,0,9.95,75,4,0,1,Action|Fighting|MartialArts|Puzzle|ThirdPerson,Unknown
X360,Rock Band 2,1.85,2008,MTV Games,"Action, Simulation",1,0,19.95,92,4,1,1,Action|Simulation|RhythmAction|ThirdPerson,T
X360,Sega Superstars Tennis,1.84,2008,Sega,Sports,0,0,9.95,67,4,1,1,Sports|Tennis|Isometric|ThirdPerson,Unknown
X360,Guitar Hero: World Tour,1.78,2008,Activision,"Action, Simulation",1,0,16.95,85,4,1,1,Action|Simulation|RhythmAction|ThirdPerson,T
Nintendo Wii,Animal Crossing: City Folk,1.78,2008,Nintendo,Simulation,1,0,29.95,73,1,1,0,Simulation|PersistentUniverse|ThirdPerson,E
Nintendo DS,Mario & Sonic at the Olympic Games,1.74,2008,Nintendo,"Action, Sports",0,0,24.95,70,1,1,1,Action|Sports|Arcade|Olympiad|PingPong|ThirdPerson,E
PlayStation 3,Madden NFL 09,1.66,2008,EA,Sports,1,0,14.95,85,4,1,1,Sports|AmericanFootball|ThirdPerson,E
X360,LEGO Batman: The Videogame,1.64,2008,"TT Games Publishing Ltd, Warner Bros. Interactive Entertainment Inc.",Action,0,0,14.95,76,2,0,1,Action|Comics|Flight|Puzzle|Platform|SideScrolling|ThirdPerson,Unknown
X360,Tom Clancy's Rainbow Six: Vegas 2,1.61,2008,Ubisoft,Action,1,0,16.95,82,2,1,1,Action|Shooter|FirstPerson|ThirdPerson,M
Nintendo DS,Kirby Super Star Ultra,1.6,2008,Nintendo,Action,1,0,24.95,76,1,0,0,Action|Arcade|Platform|SideScrolling|ThirdPerson,E
X360,Star Wars: The Force Unleashed,1.59,2008,LucasArts,Action,0,0,16.95,73,1,0,1,Action|SciFi|ThirdPerson,T
Sony PSP,God of War: Chains of Olympus,1.54,2008,Sony,Action,1,0,17.95,91,1,0,0,Action|Adult|MedievalFantasy|ThirdPerson,M
PlayStation 3,Fallout 3,1.48,2008,"Bethesda Softworks LLC, ZeniMax Europe Ltd.","Action, Role-Playing (RPG)",1,0,17.95,90,1,0,1,Action|RPG|PostApocalyptic|SciFi|Shooter|FirstPerson|ThirdPerson,M
X360,Pure,1.43,2008,Disney,"Racing / Driving, Sports",0,0,12.95,85,1,1,1,Racing|Sports|OffRoad|Tricks|ThirdPerson,E
Nintendo Wii,LEGO Indiana Jones: The Original Adventures,1.42,2008,"LucasArts, TT Games Publishing Ltd",Action,0,0,16.95,78,2,0,1,Action|Puzzle|Platform|ThirdPerson,Unknown
Nintendo Wii,Rock Band,1.4,2008,MTV Games,"Action, Simulation",0,0,17.95,92,2,0,1,Action|Simulation|RhythmAction|ThirdPerson,T
Nintendo DS,LEGO Batman: The Videogame,1.39,2008,"ak tronic Software & Services GmbH, TT Games Publishing Ltd, Warner Bros. Interactive Entertainment Inc.","Action, Racing / Driving",0,0,17.95,72,1,0,1,Action|Racing|Comics|Flight|Puzzle|Platform|ThirdPerson,Unknown
X360,Saints Row 2,1.39,2008,THQ,"Action, Racing / Driving",1,0,17.95,81,1,1,1,Action|Racing|Fighting|Shooter|ThirdPerson,M
Nintendo Wii,LEGO Batman: The Videogame,1.32,2008,"ak tronic Software & Services GmbH, TT Games Publishing Ltd, Warner Bros. Interactive Entertainment Inc.",Action,0,0,17.95,74,2,0,1,Action|Comics|Flight|Puzzle|Platform|SideScrolling|ThirdPerson,Unknown
Nintendo Wii,Call of Duty: World at War,1.17,2008,Activision,Action,1,0,29.95,83,2,1,1,Action|HistoricalBattle|Shooter|FirstPerson,M
Nintendo Wii,Deca Sports,1.16,2008,"ak tronic Software & Services GmbH, Hudson Entertainment, Inc.","Racing / Driving, Sports",0,0,17.95,50,4,0,0,Racing|Sports|Arcade|Basketball|Motorcycle|Snowboarding|Soccer|Volleyball|ThirdPerson,E
X360,Midnight Club: Los Angeles,1.15,2008,Rockstar,Racing / Driving,1,0,22.95,81,1,1,1,Racing|FirstPerson|ThirdPerson,T
PlayStation 3,Mortal Kombat vs. DC Universe,1.13,2008,Midway,Action,1,0,24.95,76,2,1,1,Action|Comics|Fighting|MartialArts|ThirdPerson,T
X360,Army of Two,1.12,2008,EA,Action,0,0,16.95,72,2,1,1,Action|Shooter|FirstPerson|ThirdPerson,M
PlayStation 3,Resistance 2,1.11,2008,Sony,Action,1,0,24.95,87,2,1,0,Action|SciFi|Shooter|FirstPerson,M
PlayStation 3,Rock Band 2,1.11,2008,MTV Games,"Action, Simulation",1,0,24.95,91,1,0,1,Action|Simulation|RhythmAction|ThirdPerson,T
PlayStation 3,Midnight Club: Los Angeles,1.09,2008,Rockstar,Racing / Driving,1,0,22.95,82,1,0,1,Racing|FirstPerson|ThirdPerson,T
Nintendo Wii,Sonic Unleashed,1.09,2008,Sega,Action,1,0,17.95,66,1,0,1,Action|Fighting|Puzzle|Platform|ThirdPerson,Unknown
X360,NBA 2K9 ,1.07,2008,2K,Sports,1,0,12.95,84,1,0,1,Sports,E
PlayStation 3,Guitar Hero: World Tour,1.04,2008,Activision,"Action, Simulation",1,0,17.95,84,4,1,1,Action|Simulation|RhythmAction|ThirdPerson,T
Nintendo Wii,Guitar Hero: Aerosmith,1.03,2008,Activision,"Action, Simulation",1,0,14.95,73,1,1,1,Action|Simulation|RhythmAction|ThirdPerson,T
Nintendo Wii,Star Wars: The Force Unleashed,1.01,2008,LucasArts,Action,0,0,14.95,71,2,0,1,Action|SciFi|ThirdPerson,T
PlayStation 3,Burnout Paradise,1.01,2008,EA,"Action, Racing / Driving",1,0,17.95,87,1,1,0,Action|Racing|FirstPerson|ThirdPerson,Unknown
Nintendo DS,Pokemon Ranger: Shadows of Almia,0.99,2008,Nintendo,"Action, Role-Playing (RPG)",1,0,24.95,68,1,0,0,Action|RPG|SciFi|TopDown|ThirdPerson,E
X360,Mortal Kombat vs. DC Universe,0.98,2008,Midway,Action,1,0,24.95,72,2,0,1,Action|Comics|Fighting|MartialArts|ThirdPerson,T
Nintendo Wii,Rock Band 2,0.97,2008,MTV Games,"Action, Simulation",1,0,119.95,92,1,0,1,Action|Simulation|RhythmAction|ThirdPerson,T
Nintendo Wii,We Ski,0.96,2008,Namco,Sports,0,0,16.95,67,4,0,0,Sports|Arcade|Snowboarding|ThirdPerson,E
PlayStation 3,Dead Space,0.96,2008,EA,Action,0,0,17.95,88,1,0,1,Action|Cyberpunk|Puzzle|SciFi|Shooter|SurvivalHorror|ThirdPerson,M
Nintendo Wii,Shaun White Snowboarding: Road Trip,0.95,2008,Ubisoft,Sports,1,0,14.95,78,1,0,0,Sports|Snowboarding|Tricks|ThirdPerson,Unknown
PlayStation 3,Star Wars: The Force Unleashed,0.92,2008,LucasArts,Action,0,0,17.95,71,1,0,1,Action|SciFi|ThirdPerson,T
X360,Guitar Hero: Aerosmith,0.91,2008,Activision,"Action, Simulation",1,0,9.95,70,2,1,1,Action|Simulation|RhythmAction|ThirdPerson,T
PlayStation 3,SOCOM: U.S. Navy SEALs - Confrontation,0.91,2008,Sony,Action,1,0,16.95,63,1,1,0,Action|Shooter|FirstPerson|ThirdPerson,M
X360,SoulCalibur IV,0.87,2008,Namco,Action,1,0,19.95,85,2,1,1,Action|Fighting|MartialArts|ThirdPerson,T
X360,Battlefield: Bad Company,0.83,2008,EA,Action,1,0,16.95,83,1,1,1,Action|Shooter|FirstPerson,M
PlayStation 3,Saints Row 2,0.81,2008,THQ,"Action, Racing / Driving",1,0,17.95,82,1,1,1,Action|Racing|Fighting|Shooter|ThirdPerson,M
Nintendo DS,Guitar Hero: On Tour - Decades,0.8,2008,Activision,"Action, Simulation",1,0,17.95,72,1,0,0,Action|Simulation|RhythmAction|ThirdPerson,Unknown
X360,Devil May Cry 4,0.8,2008,Capcom,Action,1,0,17.95,84,1,0,1,Action|Fighting|Horror|ThirdPerson,M
Nintendo DS,Mystery Case Files: MillionHeir,0.76,2008,Nintendo,Adventure,0,0,17.95,65,1,0,0,Adventure|Detective|Puzzle,E
PlayStation 3,Battlefield: Bad Company,0.76,2008,EA,Action,0,0,17.95,84,1,1,1,Action|Shooter|FirstPerson,T
PlayStation 3,Army of Two,0.75,2008,EA,Action,0,0,16.95,74,2,1,1,Action|Shooter|FirstPerson|ThirdPerson,M
Nintendo Wii,Rayman Raving Rabbids TV Party,0.74,2008,Ubisoft,"Action, Racing / Driving, Sports, Strategy",1,0,17.95,73,4,0,0,Action|Racing|Sports|Strategy|Boardgame|RhythmAction|SciFi|Shooter|SurvivalHorror|AmericanFootball|Baseball|Cycling|ThirdPerson,Unknown
Nintendo Wii,The House of the Dead 2 & 3 Return,0.74,2008,Sega,Action,1,1,17.95,66,2,0,0,Action|Horror|Shooter|FirstPerson,M
X360,Far Cry 2,0.73,2008,Ubisoft,Action,1,0,19.95,85,1,1,1,Action|Shooter|FirstPerson,M
Nintendo Wii,Boom Blox,0.72,2008,EA,"Action, Strategy",0,0,24.95,85,4,0,0,Action|Strategy|Puzzle|ThirdPerson,E
Nintendo DS,Spore Creatures,0.7,2008,EA,"Adventure, Simulation",0,0,14.95,65,1,0,0,Adventure|Simulation|SciFi|ThirdPerson,E
Sony PSP,Madden NFL 09,0.68,2008,EA,Sports,1,0,14.95,68,4,1,1,Sports|AmericanFootball|ThirdPerson,E
X360,NCAA Football 09,0.68,2008,EA,Sports,1,0,14.95,83,4,1,1,Sports|AmericanFootball|ThirdPerson,E
PlayStation 3,MLB 08: The Show,0.67,2008,Sony,Sports,1,0,12.95,85,2,1,1,Sports|Baseball|FirstPerson|ThirdPerson,E
PlayStation 3,Tom Clancy's Rainbow Six: Vegas 2,0.67,2008,Ubisoft,Action,1,0,24.95,81,2,1,1,Action|Shooter|FirstPerson|ThirdPerson,M
X360,Mercenaries 2: World in Flames,0.66,2008,EA,Action,1,0,14.95,72,1,0,1,Action|Helicoptor|Shooter|ThirdPerson,T
X360,Need for Speed: Undercover,0.66,2008,EA,Racing / Driving,1,0,17.95,64,1,1,1,Racing|FirstPerson|ThirdPerson,T
PlayStation 3,Guitar Hero: Aerosmith,0.65,2008,Activision,"Action, Simulation",1,0,14.95,70,2,1,1,Action|Simulation|RhythmAction|ThirdPerson,T
PlayStation 3,SoulCalibur IV,0.65,2008,Namco,Action,1,0,22.95,85,2,1,1,Action|Fighting|MartialArts|ThirdPerson,T
PlayStation 3,Valkyria Chronicles,0.65,2008,Sega,"Action, Role-Playing (RPG), Strategy",0,0,24.95,86,1,0,0,Action|RPG|Strategy|Anime|RealTime|TurnBased|TopDown|ThirdPerson,Unknown
Nintendo Wii,Harvest Moon: Tree of Tranquility,0.62,2008,"Natsume, Inc.","Role-Playing (RPG), Simulation",1,0,34.95,65,1,0,0,RPG|Simulation|ThirdPerson,E
Nintendo DS,Star Wars: The Clone Wars - Jedi Alliance,0.6,2008,LucasArts,"Action, Adventure",1,0,17.95,68,1,0,0,Action|Adventure|SciFi|ThirdPerson,Unknown
PlayStation 3,Need for Speed: Undercover,0.59,2008,EA,Racing / Driving,1,0,17.95,59,1,1,1,Racing|FirstPerson|ThirdPerson,T
Nintendo Wii,Wario Land: Shake It!,0.59,2008,Nintendo,Action,1,0,19.95,78,1,0,0,Action|Platform|SideScrolling|ThirdPerson,E
X360,WWE Smackdown! vs Raw 2009,0.59,2008,THQ,Sports,1,0,17.95,79,1,0,1,Sports,T
PlayStation 3,NBA 2K9,0.58,2008,2K,Sports,1,0,14.95,82,7,1,1,Sports|Basketball|ThirdPerson,E
X360,Major League Baseball 2K9,0.58,2008,2K,Sports,1,0,14.95,64,1,0,1,Sports|Baseball|ThirdPerson,E
PlayStation 3,NCAA Football 09,0.56,2008,EA,Sports,1,0,14.95,81,4,1,1,Sports|AmericanFootball|ThirdPerson,E
Nintendo DS,Kung Fu Panda,0.56,2008,Activision,Action,0,0,17.95,71,1,0,1,Action|Fighting|MartialArts|Puzzle|Platform|SideScrolling|ThirdPerson,Unknown
PlayStation 3,Devil May Cry 4,0.56,2008,Capcom,Action,1,0,19.95,84,1,1,1,Action|Fighting|Horror|ThirdPerson,M
X360,Tom Clancy's EndWar,0.56,2008,Ubisoft,Strategy,0,0,16.95,77,1,1,1,Strategy|RealTime|ThirdPerson,T
Sony PSP,LEGO Batman: The Videogame,0.54,2008,"TT Games Publishing Ltd, Warner Bros. Interactive Entertainment Inc.",Action,0,0,17.95,73,1,0,1,Action|Comics|Flight|Puzzle|Platform|SideScrolling|ThirdPerson,Unknown
PlayStation 3,BioShock,0.53,2008,2K,Action,0,0,17.95,94,1,0,1,Action|SciFi|Shooter|FirstPerson,M
X360,Bully: Scholarship Edition,0.53,2008,Rockstar,"Action, Adventure",0,1,17.95,80,1,0,1,Action|Adventure|ThirdPerson,T
X360,Prince of Persia,0.53,2008,Ubisoft,Action,1,1,16.95,81,1,0,1,Action|MedievalFantasy|FirstPerson|ThirdPerson,T
Nintendo Wii,Kung Fu Panda,0.52,2008,Activision,Action,0,0,16.95,70,4,0,1,Action|Fighting|MartialArts|Puzzle|ThirdPerson,Unknown
Nintendo DS,Sonic Chronicles: The Dark Brotherhood,0.52,2008,Sega,"Action, Role-Playing (RPG)",1,0,17.95,74,1,0,0,Action|RPG|Arcade|TopDown|ThirdPerson,E
Sony PSP,Midnight Club: L.A. Remix,0.52,2008,Rockstar,Racing / Driving,1,0,16.95,79,1,0,0,Racing|ThirdPerson,T
X360,FIFA Soccer 09,0.51,2008,EA,Sports,1,0,19.95,87,4,1,1,Sports|Soccer|ThirdPerson,E
Nintendo DS,Chrono Trigger,0.51,2008,SquareEnix,Role-Playing (RPG),0,1,17.95,92,2,0,0,RPG|Anime|MedievalFantasy|SciFi|TurnBased|TopDown,Unknown
Nintendo DS,High School Musical 2: Work This Out!,0.51,2008,Disney,"Action, Adventure",1,0,14.95,38,1,0,0,Action|Adventure|RhythmAction|TopDown|ThirdPerson,E
X360,Tomb Raider: Underworld,0.51,2008,Eidos,Action,1,0,17.95,76,1,0,1,Action|Puzzle|ThirdPerson,T
Nintendo Wii,skate it,0.5,2008,EA,"Action, Sports",0,0,39.95,70,4,0,0,Action|Sports|Skateboarding|ThirdPerson,E
Nintendo DS,The Legendary Starfy,0.5,2008,Nintendo,"Action, Adventure",0,0,24.95,75,1,0,0,Action|Adventure|Puzzle|Platform|SideScrolling|ThirdPerson,E
X360,Mirror's Edge,0.5,2008,EA,Action,0,0,14.95,79,1,0,1,Action|Puzzle|FirstPerson,T
PlayStation 3,FIFA Soccer 09,0.49,2008,EA,Sports,1,0,22.95,87,7,1,1,Sports|Soccer|ThirdPerson,E
PlayStation 3,Haze,0.49,2008,Ubisoft,Action,0,0,12.95,55,2,1,0,Action|SciFi|Shooter|FirstPerson,M
Sony PSP,Dissidia: Final Fantasy,0.49,2008,SquareEnix,"Action, Role-Playing (RPG)",0,0,17.95,79,1,1,0,Action|RPG|Anime|Fighting|MedievalFantasy|RealTime|ThirdPerson,T
X360,Sid Meier's Civilization: Revolution,0.49,2008,2K,Strategy,1,0,24.95,84,1,1,1,Strategy|Managerial|TurnBased|ThirdPerson,Unknown
Nintendo Wii,Wall-E,0.48,2008,THQ,Action,0,0,17.95,51,4,0,1,Action|Flight|Puzzle|SciFi|Platform|ThirdPerson,E
PlayStation 3,Prince of Persia,0.48,2008,Ubisoft,Action,1,1,17.95,85,1,0,1,Action|MedievalFantasy|FirstPerson|ThirdPerson,T
X360,NHL 09 ,0.48,2008,EA,Sports,1,0,14.95,88,1,0,1,Sports,Unknown
X360,Brothers in Arms: Hell's Highway,0.47,2008,Ubisoft,Action,1,0,17.95,76,1,1,1,Action|HistoricalBattle|Shooter|FirstPerson|ThirdPerson,M
X360,Shaun White Snowboarding,0.47,2008,Ubisoft,Sports,0,0,14.95,60,1,1,1,Sports|Snowboarding|Tricks|ThirdPerson,T
X360,Turok,0.47,2008,Touchstone,Action,1,0,14.95,69,1,1,1,Action|SciFi|Shooter|Stealth|FirstPerson,M
Sony PSP,Iron Man,0.46,2008,Sega,Action,0,0,16.95,44,1,0,1,Action|Comics|Flight|Shooter|ThirdPerson,T
Nintendo Wii,SpongeBob SquarePants Featuring Nicktoons: Globs of Doom,0.46,2008,THQ,Action,1,0,16.95,47,1,0,0,Action|ThirdPerson,Unknown
Nintendo Wii,WWE Smackdown! vs Raw 2009,0.46,2008,THQ,Sports,1,0,16.95,79,1,0,1,Sports,T
Nintendo Wii,De Blob,0.45,2008,THQ,Action,0,0,16.95,82,4,0,0,Action|Platform|ThirdPerson,E
Nintendo Wii,Sonic Riders: Zero Gravity,0.45,2008,Sega,Racing / Driving,1,0,16.95,56,4,0,1,Racing|Anime|ThirdPerson,E
Nintendo DS,Rhythm Heaven,0.45,2008,Nintendo,Action,0,0,24.95,83,1,0,0,Action|Arcade|RhythmAction|ThirdPerson,E
Nintendo Wii,Big Beach Sports,0.44,2008,THQ,Sports,0,0,16.95,44,4,0,0,Sports|AmericanFootball|Cricket|Soccer|Volleyball|TopDown|ThirdPerson,E
PlayStation 3,Tomb Raider: Underworld,0.44,2008,Eidos,Action,1,0,17.95,75,1,0,1,Action|Puzzle|ThirdPerson,T
Nintendo DS,Advance Wars: Days of Ruin,0.43,2008,Nintendo,Strategy,1,0,17.95,86,4,1,0,Strategy|PostApocalyptic|TurnBased|Isometric|TopDown,Unknown
PlayStation 3,LEGO Batman: The Videogame,0.43,2008,"TT Games Publishing Ltd, Warner Bros. Interactive Entertainment Inc.",Action,0,0,17.95,75,2,0,1,Action|Comics|Flight|Puzzle|Platform|SideScrolling|ThirdPerson,Unknown
PlayStation 3,Far Cry 2,0.43,2008,Ubisoft,Action,1,0,19.95,85,1,1,1,Action|Shooter|FirstPerson,M
Nintendo DS,Harvest Moon: Island of Happiness,0.42,2008,"Natsume Co., Ltd.","Simulation, Strategy",1,0,24.95,65,1,0,0,Simulation|Strategy|Anime|RealTime|TopDown|ThirdPerson,E
PlayStation 3,Brothers in Arms: Hell's Highway,0.42,2008,Ubisoft,Action,1,0,19.95,76,1,1,1,Action|HistoricalBattle|Shooter|FirstPerson|ThirdPerson,M
PlayStation 3,Sonic Unleashed,0.42,2008,Sega,"Action, Adventure",1,0,17.95,54,1,0,1,Action|Adventure|Fighting|Puzzle|Platform|SideScrolling|ThirdPerson,Unknown
Nintendo Wii,Pinball Hall of Fame: The Williams Collection,0.41,2008,"Crave Entertainment, Inc.",Simulation,0,0,17.95,82,1,0,1,Simulation|Pinball|FirstPerson|TopDown,Unknown
X360,Sonic Unleashed,0.41,2008,Sega,"Action, Adventure",1,0,17.95,60,1,0,1,Action|Adventure|Fighting|Puzzle|Platform|SideScrolling|ThirdPerson,Unknown
Nintendo Wii,Samba de Amigo,0.4,2008,Sega,Action,0,1,12.95,68,2,0,0,Action|RhythmAction|Music|ThirdPerson,E
Sony PSP,WWE Smackdown! vs Raw 2009,0.4,2008,THQ,Sports,1,0,16.95,72,1,0,1,Sports,T
Nintendo Wii,?kami,0.39,2008,Capcom,Action,0,1,17.95,90,1,0,1,Action|Puzzle|ThirdPerson,T
PlayStation 3,LEGO Indiana Jones: The Original Adventures,0.38,2008,"LucasArts, TT Games Publishing Ltd",Action,0,0,17.95,77,2,0,1,Action|Puzzle|Platform|ThirdPerson,Unknown
Nintendo Wii,CSI: Crime Scene Investigation - Hard Evidence,0.38,2008,Ubisoft,Adventure,1,0,17.95,49,1,0,1,Adventure|Detective|Puzzle|FirstPerson,M
PlayStation 3,MotorStorm: Pacific Rift,0.37,2008,Sony,"Action, Racing / Driving, Sports",1,0,29.95,82,4,1,0,Action|Racing|Sports|Motorcycle|OffRoad|FirstPerson|ThirdPerson,T
X360,Tiger Woods PGA Tour 09,0.37,2008,EA,Sports,1,0,19.95,84,4,1,1,Sports|Golf|ThirdPerson,E
Nintendo Wii,SimCity Creator,0.37,2008,EA,Simulation,1,0,24.95,67,1,0,1,Simulation|Managerial|RealTime|FirstPerson|TopDown,E
PlayStation 3,Tiger Woods PGA Tour 09,0.36,2008,EA,Sports,1,0,19.95,82,4,1,1,Sports|Golf|ThirdPerson,E
Nintendo DS,Sid Meier's Civilization: Revolution,0.36,2008,2K,"Simulation, Strategy",0,1,17.95,80,1,0,1,Simulation|Strategy|Managerial|TurnBased|TopDown,Unknown
PlayStation 3,Pure,0.36,2008,Disney,"Racing / Driving, Sports",0,0,17.95,83,1,1,1,Racing|Sports|OffRoad|Tricks|ThirdPerson,E
PlayStation 3,Turok,0.36,2008,Touchstone,Action,1,0,16.95,67,1,1,1,Action|SciFi|Shooter|Stealth|FirstPerson,M
Nintendo Wii,Crash: Mind over Mutant,0.36,2008,"Sierra Entertainment, Inc.",Action,1,0,17.95,70,1,0,1,Action|Platform|ThirdPerson,Unknown
X360,Spider-Man: Web of Shadows,0.36,2008,Activision,Action,1,0,19.95,68,1,0,0,Action|Fighting|Horror|ThirdPerson,Unknown
X360,Frontlines: Fuel of War,0.35,2008,THQ,Action,0,0,14.95,75,1,1,0,Action|Helicoptor|RealTime|Shooter|FirstPerson|ThirdPerson,T
X360,GRID,0.35,2008,"Codemasters Software Company Limited, The","Racing / Driving, Simulation, Sports",0,0,19.95,87,1,1,1,Racing|Simulation|Sports|OffRoad|FirstPerson|ThirdPerson,E
X360,Too Human,0.35,2008,Microsoft,"Action, Role-Playing (RPG)",0,0,14.95,65,1,1,0,Action|RPG|Fighting|MedievalFantasy|SciFi|FirstPerson|ThirdPerson,T
Nintendo Wii,Speed Racer: The Videogame,0.34,2008,"Warner Bros. Games, Warner Bros. Interactive Entertainment Inc.",Racing / Driving,0,0,16.95,69,2,0,1,Racing|SciFi|FirstPerson,E
Sony PSP,LEGO Indiana Jones: The Original Adventures,0.34,2008,LucasArts,Action,0,0,17.95,76,1,0,1,Action|Puzzle|Platform|ThirdPerson,Unknown
Nintendo Wii,SEGA Bass Fishing,0.34,2008,Sega,Sports,0,1,17.95,59,1,0,0,Sports|Fishing|ThirdPerson,E
Nintendo Wii,The Chronicles of Narnia: Prince Caspian,0.33,2008,Disney,"Action, Role-Playing (RPG)",1,0,16.95,63,2,0,1,Action|RPG|Fighting|MedievalFantasy|TurnBased|ThirdPerson,T
Nintendo DS,Iron Man,0.33,2008,Sega,Action,0,0,14.95,56,1,0,1,Action|Comics|Flight|Shooter|TopDown|ThirdPerson,Unknown
Nintendo DS,The Sims 2: Apartment Pets,0.33,2008,EA,Simulation,1,0,17.95,50,1,0,0,Simulation|RealTime|ThirdPerson,E
Sony PSP,MLB 08: The Show,0.33,2008,Sony,Sports,1,0,14.95,83,1,0,1,Sports|Baseball|FirstPerson|ThirdPerson,E
PlayStation 3,Iron Man,0.33,2008,Sega,Action,0,0,17.95,42,1,0,1,Action|Comics|Flight|Shooter|ThirdPerson,T
Nintendo DS,Madagascar: Escape 2 Africa,0.32,2008,Activision,"Action, Adventure",1,0,17.95,55,1,0,1,Action|Adventure|Pinball|ThirdPerson,E
PlayStation 3,GRID,0.31,2008,"Codemasters Software Company Limited, The","Racing / Driving, Simulation, Sports",0,0,24.95,87,1,1,1,Racing|Simulation|Sports|OffRoad|FirstPerson|ThirdPerson,E
PlayStation 3,NHL 09,0.31,2008,EA,Sports,1,0,19.95,88,1,0,1,Sports|Hockey|Isometric|ThirdPerson,Unknown
X360,Banjo-Kazooie: Nuts & Bolts,0.31,2008,Microsoft,"Action, Adventure, Racing / Driving, Sports",1,0,17.95,79,1,1,0,Action|Adventure|Racing|Sports|Flight|Helicoptor|Puzzle|Sailing|Platform|ThirdPerson,Unknown
PlayStation 3,Hot Shots Golf: Out of Bounds,0.3,2008,Sony,Sports,1,0,34.95,81,4,1,0,Sports|Golf|ThirdPerson,E
Nintendo DS,Rune Factory 2: A Fantasy Harvest Moon,0.3,2008,"Marvelous Entertainment Inc., Natsume Co., Ltd.","Action, Role-Playing (RPG), Simulation",1,0,17.95,79,1,0,0,Action|RPG|Simulation|TopDown|ThirdPerson,E
Nintendo DS,SimCity Creator,0.3,2008,EA,Simulation,0,1,17.95,69,1,0,1,Simulation|Managerial|RealTime|Isometric,E
Sony PSP,Patapon,0.3,2008,Sony,"Action, Strategy",0,0,17.95,86,1,0,0,Action|Strategy|RhythmAction|SideScrolling|ThirdPerson,E
PlayStation 3,Shaun White Snowboarding,0.3,2008,Ubisoft,Sports,0,0,15.95,63,1,0,1,Sports|Snowboarding|Tricks|ThirdPerson,T
Nintendo Wii,Iron Man,0.3,2008,Sega,Action,0,0,17.95,44,1,0,1,Action|Comics|Flight|Shooter|ThirdPerson,T
Nintendo DS,Sega Superstars Tennis,0.29,2008,Sega,Sports,0,0,14.95,65,1,0,1,Sports|Tennis|Isometric|ThirdPerson,E
PlayStation 3,Lost Planet: Extreme Condition,0.29,2008,Capcom,Action,0,0,16.95,67,1,1,1,Action|SciFi|Shooter|FirstPerson|ThirdPerson,M
PlayStation 3,Mirror's Edge,0.29,2008,EA,Action,0,0,14.95,79,1,0,1,Action|Puzzle|FirstPerson,T
Nintendo Wii,The Incredible Hulk,0.29,2008,Sega,Action,0,0,16.95,46,1,0,1,Action|Comics|ThirdPerson,T
X360,Condemned 2: Bloodshot,0.29,2008,Sega,"Action, Adventure",1,0,14.95,80,1,1,1,Action|Adventure|Detective|Fighting|Horror|Shooter|FirstPerson,M
PlayStation 3,Buzz!: Quiz TV,0.28,2008,Sony,Simulation,1,0,14.95,80,8,1,0,Simulation|Gameshow|ThirdPerson,T
Nintendo Wii,Sega Superstars Tennis,0.28,2008,Sega,Sports,0,0,12.95,71,4,0,1,Sports|Tennis|Isometric|ThirdPerson,Unknown
X360,You're in the Movies,0.28,2008,Codemasters,Action,0,0,16.95,55,4,0,0,Action|Boardgame|RhythmAction|ThirdPerson,E
Nintendo DS,Speed Racer: The Videogame,0.28,2008,Warner Bros. Interactive Entertainment Inc.,Racing / Driving,0,0,17.95,75,1,0,1,Racing|SciFi|ThirdPerson,E
Nintendo DS,Viva Pirata: Pocket Paradise,0.28,2008,THQ,"Simulation, Strategy",1,0,17.95,82,1,0,0,Simulation|Strategy|Managerial|Puzzle|Isometric|ThirdPerson,Unknown
PlayStation 3,Tom Clancy's EndWar,0.28,2008,Ubisoft,Strategy,0,0,17.95,76,1,1,1,Strategy|RealTime|ThirdPerson,T
X360,Iron Man,0.28,2008,Sega,Action,0,0,17.95,45,1,0,1,Action|Comics|Flight|Shooter,T
Nintendo Wii,Need for Speed: Undercover,0.27,2008,EA,Racing / Driving,1,0,27.95,54,4,0,0,Racing|FirstPerson|ThirdPerson,Unknown
X360,Scene It? Box Office Smash!,0.27,2008,Microsoft,Simulation,1,0,16.95,76,4,1,0,Simulation|Boardgame|Gameshow|Puzzle|FirstPerson,Unknown
X360,Wall-E,0.27,2008,THQ,Action,0,0,14.95,50,4,0,1,Action|Flight|Puzzle|SciFi|Platform|ThirdPerson,E
Nintendo DS,Spectrobes: Beyond the Portals,0.27,2008,Disney,"Action, Role-Playing (RPG)",1,0,11.95,70,1,0,0,Action|RPG|Anime|RealTime|SciFi|ThirdPerson,E
Sony PSP,MX vs. ATV Untamed,0.27,2008,Ubisoft,Educational,1,0,16.95,59,1,0,1,Educational|FirstPerson|TopDown|ThirdPerson,E
PlayStation 3,Mercenaries 2: World in Flames,0.27,2008,EA,Action,1,0,15.95,72,1,1,1,Action|Helicoptor|Shooter|ThirdPerson,T
X360,Infinite Undiscovery,0.27,2008,SquareEnix,"Action, Role-Playing (RPG)",0,0,17.95,68,1,0,0,Action|RPG|MedievalFantasy|RealTime|ThirdPerson,T
X360,TNA iMPACT!,0.26,2008,Midway,Sports,1,0,14.95,62,4,1,0,Sports|Wrestling|ThirdPerson,T
X360,Enemy Territory: Quake Wars,0.26,2008,Activision,Action,0,0,14.95,69,1,1,1,Action|Battlemech|Flight|Helicoptor|SciFi|Shooter|Tank|FirstPerson|ThirdPerson,T
PlayStation 3,SingStar Vol.2,0.25,2008,Sony,Action,1,0,14.95,76,6,0,0,Action|Boardgame|RhythmAction,Unknown
Nintendo DS,Fire Emblem: Shadow Dragon,0.25,2008,Nintendo,"Role-Playing (RPG), Strategy",1,0,19.95,81,1,0,0,RPG|Strategy|Anime|MedievalFantasy|TopDown,E
Nintendo DS,Neopets Puzzle Adventure,0.25,2008,Capcom,"Adventure, Role-Playing (RPG), Strategy",0,0,17.95,70,1,0,1,Adventure|RPG|Strategy|Boardgame|MedievalFantasy|Puzzle|TurnBased,Unknown
X360,Tales of Vesperia,0.25,2008,Namco,"Adventure, Role-Playing (RPG)",1,0,27.95,79,1,0,0,Adventure|RPG|Anime|MedievalFantasy|ThirdPerson,T
PlayStation 3,SingStar ABBA,0.24,2008,Sony,Action,1,0,17.95,70,8,0,1,Action|Boardgame|RhythmAction,T
X360,Dragon Ball Z: Burst Limit,0.24,2008,Atari,Action,1,0,17.95,72,2,1,1,Action|Anime|Fighting|MartialArts|SideScrolling|ThirdPerson,T
Nintendo DS,Apollo Justice: Ace Attorney,0.24,2008,Capcom,"Adventure, Simulation",1,0,24.95,78,1,0,0,Adventure|Simulation|Anime|Detective|Puzzle|FirstPerson,T
Nintendo DS,Cake Mania 2: Jill's Next Adventure!,0.24,2008,Majesco Entertainment Company,Action,1,0,17.95,57,1,0,0,Action|Arcade|ThirdPerson,E
Nintendo DS,Castlevania: Order of Ecclesia,0.24,2008,Konami,"Action, Adventure, Role-Playing (RPG)",1,0,24.95,85,1,1,0,Action|Adventure|RPG|Anime|Horror|MedievalFantasy|Platform|SideScrolling,T
Nintendo DS,Mega Man Star Force 2: Zerker X Ninja,0.24,2008,Capcom,"Action, Role-Playing (RPG)",1,0,17.95,55,1,0,0,Action|RPG|Anime|Puzzle|SciFi|Shooter|Isometric|ThirdPerson,E
Nintendo DS,Mega Man Star Force 2: Zerker X Saurian,0.24,2008,Capcom,"Action, Role-Playing (RPG)",1,0,16.95,55,1,0,0,Action|RPG|Anime|Puzzle|SciFi|Shooter|Isometric|ThirdPerson,E
PlayStation 3,Enemy Territory: Quake Wars,0.24,2008,Activision,Action,0,0,16.95,60,1,1,1,Action|Battlemech|Flight|Helicoptor|SciFi|Shooter|Tank|FirstPerson|ThirdPerson,T
X360,Namco Museum: Virtual Arcade,0.24,2008,Namco,"Action, Racing / Driving",0,1,17.95,63,1,1,0,Action|Racing|Arcade|SciFi|Shooter|Platform|ThirdPerson,Unknown
X360,NASCAR 09,0.24,2008,EA,"Racing / Driving, Sports",1,0,19.95,69,1,1,1,Racing|Sports|FirstPerson|ThirdPerson,E
X360,Turning Point: Fall of Liberty,0.24,2008,"Codemasters Software Company Limited, The",Action,0,0,7.95,43,1,1,1,Action|Shooter|FirstPerson,T
Nintendo Wii,Summer Athletics 2009,0.23,2008,dtp entertainment AG,Sports,1,0,19.95,56,4,0,0,Sports|Olympiad|ThirdPerson,E
Sony PSP,FIFA Soccer 09,0.23,2008,EA,Sports,1,0,17.95,84,2,0,1,Sports|Soccer|ThirdPerson,E
X360,Unreal Tournament III,0.23,2008,Midway,Action,1,0,14.95,82,2,1,1,Action|SciFi|Shooter|FirstPerson,M
Nintendo DS,Nancy Drew: The Mystery of the Clue Bender Society,0.23,2008,Majesco Entertainment Company,"Adventure, Racing / Driving",1,0,15.95,46,1,0,0,Adventure|Racing|Detective|Puzzle|TopDown|ThirdPerson,Unknown
Nintendo DS,Shaun White Snowboarding,0.23,2008,Ubisoft,"Racing / Driving, Sports",0,0,16.95,63,1,0,1,Racing|Sports|Snowboarding|Tricks|ThirdPerson,Unknown
PlayStation 3,Dark Sector,0.23,2008,"D3Publisher Inc., D3Publisher of America, Inc., D3Publisher of Europe Ltd.",Action,0,0,14.95,72,1,1,1,Action|Horror|SciFi|Spy|ThirdPerson,M
X360,The Last Remnant,0.23,2008,SquareEnix,Role-Playing (RPG),0,0,14.95,66,1,0,0,RPG|Anime|MedievalFantasy|TurnBased|ThirdPerson,M
PlayStation 3,Dragon Ball Z: Burst Limit,0.22,2008,Atari,Action,1,0,19.95,71,2,1,1,Action|Anime|Fighting|MartialArts|SideScrolling|ThirdPerson,T
PlayStation 3,NASCAR 09,0.22,2008,EA,"Racing / Driving, Sports",1,0,22.95,65,1,1,1,Racing|Sports|FirstPerson|ThirdPerson,E
PlayStation 3,Turning Point: Fall of Liberty,0.22,2008,"Codemasters Software Company Limited, The",Action,0,0,7.95,42,1,1,1,Action|Shooter|FirstPerson,T
Nintendo Wii,Boogie SuperStar,0.22,2008,EA,Action,1,0,26.95,67,1,0,0,Action|RhythmAction|ThirdPerson,Unknown
Nintendo Wii,MX vs. ATV Untamed,0.22,2008,THQ,Racing / Driving,1,0,24.95,70,1,0,1,Racing|FirstPerson|TopDown|ThirdPerson,E
X360,Crash: Mind over Mutant,0.22,2008,"Sierra Entertainment, Inc.",Action,1,0,24.95,60,1,0,1,Action|Platform|ThirdPerson,Unknown
X360,The Incredible Hulk,0.22,2008,Sega,Action,0,0,17.95,55,1,0,1,Action|Comics|ThirdPerson,T
X360,Silent Hill: Homecoming,0.22,2008,Konami,Action,1,0,17.95,70,1,0,1,Action|Fighting|Puzzle|Shooter|SurvivalHorror|ThirdPerson,M
PlayStation 3,TNA iMPACT!,0.21,2008,Midway,Sports,0,0,12.95,64,4,1,1,Sports|Wrestling|ThirdPerson,Unknown
PlayStation 3,The Incredible Hulk,0.21,2008,Sega,Action,0,0,16.95,55,1,0,0,Action|Comics|ThirdPerson,Unknown
PlayStation 3,Kung Fu Panda,0.21,2008,Activision,Action,0,0,19.95,76,1,0,1,Action|Fighting|MartialArts|Puzzle|ThirdPerson,Unknown
X360,Dark Sector,0.21,2008,"D3Publisher Inc., D3Publisher of America, Inc., D3Publisher of Europe Ltd.",Action,0,0,13.95,72,1,1,1,Action|Horror|SciFi|Spy|ThirdPerson,M
Nintendo Wii,Tales of Symphonia: Dawn of the New World,0.2,2008,Namco,Role-Playing (RPG),1,0,24.95,68,4,0,0,RPG|Anime|Fighting|Puzzle|ThirdPerson,T
Nintendo DS,Valkyrie Profile: Covenant of the Plume,0.2,2008,SquareEnix,"Role-Playing (RPG), Strategy",1,0,24.95,74,1,0,0,RPG|Strategy|Anime|MedievalFantasy|Isometric,Unknown
PlayStation 3,Spider-Man: Web of Shadows,0.2,2008,Activision,Action,1,0,24.95,67,1,0,0,Action|Fighting|Horror|ThirdPerson,T
Nintendo Wii,TV Show King,0.19,2008,Gameloft S.A.,Strategy,0,0,17.95,65,4,0,0,Strategy|Gameshow|ThirdPerson,Unknown
X360,AC/DC Live: Rock Band - Track Pack,0.19,2008,MTV Games,"Action, Simulation",2,0,14.95,63,4,0,1,Action|Simulation|RhythmAction|ThirdPerson,T
Nintendo DS,The Chronicles of Narnia: Prince Caspian,0.19,2008,Disney,Role-Playing (RPG),1,0,10.95,54,1,0,1,RPG|Fighting|MedievalFantasy|TurnBased|TopDown,Unknown
Sony PSP,Hot Shots Golf: Open Tee 2,0.19,2008,Sony,Sports,1,0,14.95,82,1,0,0,Sports|Golf|ThirdPerson,E
PlayStation 3,AC/DC Live: Rock Band - Track Pack,0.19,2008,MTV Games,"Action, Simulation",2,0,14.95,60,1,0,1,Action|Simulation|RhythmAction|ThirdPerson,T
Nintendo Wii,Harvest Moon: Magical Melody,0.18,2008,Rising Star Games Ltd.,"Role-Playing (RPG), Simulation",1,0,23.95,69,4,0,0,RPG|Simulation|ThirdPerson,E
Nintendo Wii,We Love Golf!,0.18,2008,Capcom,"Action, Sports",0,0,16.95,75,4,1,0,Action|Sports|Anime|Arcade|Golf|ThirdPerson,Unknown
PlayStation 3,Dynasty Warriors 6,0.18,2008,"KOEI Corporation, KOEI Ltd.","Action, Strategy",1,0,24.95,59,2,0,1,Action|Strategy|HistoricalBattle|MartialArts|MedievalFantasy|ThirdPerson,T
Nintendo DS,Six Flags Fun Park,0.18,2008,"Brash Entertainment, LLC.","Adventure, Racing / Driving, Sports",0,0,19.95,34,1,0,0,Adventure|Racing|Sports|Boardgame|AmericanFootball|Basketball|Baseball|Fishing|Sailing|FirstPerson|TopDown,Unknown
Nintendo Wii,Order Up!,0.18,2008,Zoo Games,"Action, Simulation",0,0,17.95,76,1,0,0,Action|Simulation|FirstPerson|ThirdPerson,E
X360,NBA Ballers: Chosen One,0.17,2008,Midway,Sports,1,0,9.95,55,4,1,1,Sports|Basketball|ThirdPerson,E
Nintendo DS,Age of Empires: Mythologies,0.17,2008,THQ,Strategy,1,0,17.95,78,1,0,0,Strategy|MedievalFantasy|TurnBased|Isometric,Unknown
Sony PSP,LocoRoco 2,0.17,2008,Sony,"Action, Strategy",1,0,11.95,85,1,1,0,Action|Strategy|Arcade|Puzzle|RhythmAction|Platform|SideScrolling|ThirdPerson,E
Sony PSP,Star Ocean: First Departure,0.17,2008,SquareEnix,"Action, Role-Playing (RPG)",0,1,17.95,74,1,0,0,Action|RPG|Anime|MedievalFantasy|RealTime|SciFi|Isometric|TopDown,T
PlayStation 3,Lost: Via Domus,0.17,2008,Ubisoft,"Action, Adventure",0,0,16.95,54,1,0,1,Action|Adventure|FirstPerson|ThirdPerson,T
Nintendo Wii,Tetris Party,0.16,2008,"Hudson Soft Company, Ltd., Tetris Online, Inc., Tetris Online Japan, Inc.",Strategy,1,0,24.95,75,4,1,0,Strategy|Puzzle,E
Nintendo Wii,Bully: Scholarship Edition,0.16,2008,Rockstar,"Action, Adventure",0,1,17.95,83,2,0,1,Action|Adventure|ThirdPerson,T
Nintendo Wii,The Spiderwick Chronicles,0.16,2008,"Sierra Entertainment, Inc.","Action, Adventure",0,0,16.95,62,2,0,1,Action|Adventure|Puzzle|ThirdPerson,Unknown
X360,Dynasty Warriors 6,0.16,2008,"KOEI Corporation, KOEI Ltd.","Action, Strategy",1,0,24.95,60,2,0,1,Action|Strategy|HistoricalBattle|MartialArts|MedievalFantasy|ThirdPerson,T
X360,Facebreaker,0.16,2008,EA,Sports,0,0,12.95,54,2,1,1,Sports|Boxing|ThirdPerson,T
Nintendo DS,Ninja Gaiden: Dragon Sword,0.16,2008,"Tecmo, Inc., Tecmo, Ltd.",Action,1,0,12.95,83,1,0,0,Action|Fighting|MartialArts|ThirdPerson,T
Nintendo DS,Puzzler Collection,0.16,2008,ZOO Digital Publishing Ltd,Strategy,0,0,12.95,71,1,0,0,Strategy|Puzzle,E
PlayStation 3,Condemned 2: Bloodshot,0.16,2008,Sega,"Action, Adventure",1,0,14.95,82,1,1,1,Action|Adventure|Detective|Fighting|Horror|Shooter|FirstPerson,M
PlayStation 3,Silent Hill: Homecoming,0.16,2008,Konami,Action,1,0,17.95,71,1,0,1,Action|Fighting|Puzzle|Shooter|SurvivalHorror|ThirdPerson,M
X360,Command & Conquer: Red Alert 3,0.16,2008,EA,Strategy,1,0,14.95,77,1,1,0,Strategy|RealTime|SciFi|ThirdPerson,T
X360,Viking: Battle for Asgard,0.16,2008,Sega,Action,0,0,14.95,68,1,0,0,Action|Fighting|MedievalFantasy|ThirdPerson,M
X360,Beijing 2008,0.15,2008,Sega,Sports,1,0,14.95,60,4,1,0,Sports|Olympiad|ThirdPerson,E
X360,Don King Presents: Prizefighter,0.15,2008,2K,Sports,0,0,14.95,56,2,1,0,Sports|Boxing|ThirdPerson,Unknown
Sony PSP,Bomberman,0.15,2008,"Hudson Soft Company, Ltd.","Action, Strategy",1,0,12.95,73,1,1,1,Action|Strategy|Arcade|Puzzle|SciFi|ThirdPerson,E
PlayStation 3,Ferrari Challenge Trofeo Pirelli,0.15,2008,"System 3 Software, Ltd.",Racing / Driving,0,0,17.95,71,1,1,0,Racing|FirstPerson|ThirdPerson,E
X360,Command & Conquer 3: Kane's Wrath,0.15,2008,EA,Strategy,1,0,17.95,75,1,1,0,Strategy|RealTime|SciFi|ThirdPerson,T
X360,Lost: Via Domus,0.15,2008,Ubisoft,"Action, Adventure",0,0,17.95,55,1,0,1,Action|Adventure|FirstPerson|ThirdPerson,T
X360,NHL 2K9 ,0.15,2008,2K,Sports,1,0,14.95,69,1,0,1,Sports,Unknown
PlayStation 3,Eternal Sonata,0.14,2008,Namco,Role-Playing (RPG),0,0,24.95,80,2,0,1,RPG|Anime|MedievalFantasy|TurnBased|ThirdPerson,T
X360,Viva Pirata: Trouble in Paradise,0.14,2008,Microsoft,"Racing / Driving, Simulation, Strategy",1,0,17.95,82,2,1,0,Racing|Simulation|Strategy|Managerial|Puzzle|FirstPerson,E
Sony PSP,FlatOut: Head On,0.14,2008,"Empire Interactive Entertainment, Empire Interactive Europe Ltd.","Racing / Driving, Sports",1,0,9.95,74,1,0,0,Racing|Sports|OffRoad|Tricks|ThirdPerson,T
PlayStation 3,Viking: Battle for Asgard,0.14,2008,Sega,Action,0,0,16.95,65,1,0,0,Action|Fighting|MedievalFantasy|ThirdPerson,M
Nintendo Wii,Neopets Puzzle Adventure,0.14,2008,Capcom,"Role-Playing (RPG), Strategy",0,0,14.95,52,1,0,1,RPG|Strategy|Boardgame|MedievalFantasy|Puzzle|TurnBased|TopDown|ThirdPerson,Unknown
Nintendo Wii,TNA iMPACT!,0.14,2008,Midway,Sports,0,0,14.95,43,1,0,1,Sports|Wrestling|ThirdPerson,Unknown
Nintendo Wii,Tomb Raider: Underworld,0.14,2008,Eidos,Action,1,0,17.95,70,1,0,0,Action|Puzzle|ThirdPerson,Unknown
X360,The Club,0.13,2008,Sega,Action,0,0,14.95,76,4,1,1,Action|Shooter|ThirdPerson,M
Sony PSP,SNK Arcade Classics Vol. 1,0.13,2008,"SNK Playmore Corp., SNK Playmore USA Corp.","Action, Sports",0,1,17.95,68,2,1,1,Action|Sports|Anime|Arcade|Cyberpunk|Fighting|MartialArts|MedievalFantasy|SciFi|Shooter|Baseball|Golf|Soccer|Platform|Isometric|SideScrolling|TopDown|ThirdPerson,T
Nintendo Wii,Zoo Hospital,0.13,2008,Majesco Entertainment Company,"Educational, Simulation",0,0,22.95,61,2,0,0,Educational|Simulation|Puzzle|Ecology|FirstPerson,E
X360,The Chronicles of Narnia: Prince Caspian,0.13,2008,Disney,"Action, Role-Playing (RPG)",1,0,14.95,56,2,1,1,Action|RPG|Fighting|MedievalFantasy|TurnBased|ThirdPerson,T
Nintendo DS,WWE Smackdown! vs Raw 2009,0.13,2008,THQ,Sports,1,0,17.95,58,1,0,0,Sports,Unknown
X360,Cabela's Dangerous Hunts 2009,0.13,2008,Activision,Sports,1,0,19.95,42,1,0,0,Sports|Hunting|FirstPerson|ThirdPerson,T
X360,Dark Messiah of Might and Magic: Elements,0.13,2008,Ubisoft,"Action, Role-Playing (RPG)",0,0,17.95,52,1,1,0,Action|RPG|MedievalFantasy|FirstPerson,M
X360,Fracture,0.13,2008,LucasArts,Action,0,0,14.95,63,1,1,1,Action|PostApocalyptic|SciFi|Shooter|ThirdPerson,T
X360,Lips,0.12,2008,Microsoft,Simulation,0,0,39.95,71,6,0,0,Simulation|RhythmAction,T
Nintendo Wii,Bomberman Land,0.12,2008,"Hudson Entertainment, Inc.",Action,1,0,19.95,57,4,0,0,Action|Arcade|Puzzle|TopDown|ThirdPerson,E
Nintendo Wii,Nitrobike,0.12,2008,Ubisoft,"Action, Racing / Driving, Sports",0,0,14.95,49,4,1,0,Action|Racing|Sports|Arcade|Motorcycle|Tricks|ThirdPerson,Unknown
X360,Culdcept Saga,0.12,2008,Namco,Strategy,0,0,17.95,75,4,1,0,Strategy|Boardgame|Cards|MedievalFantasy|Isometric,T
PlayStation 3,Facebreaker,0.12,2008,EA Swiss Srrl,Sports,0,0,14.95,53,2,1,1,Sports|Boxing|ThirdPerson,T
Nintendo Wii,MLB Power Pros 2008,0.12,2008,2K,Sports,1,0,22.95,83,2,0,1,Sports|Anime|Baseball|ThirdPerson,E
Nintendo Wii,Mushroom Men: The Spore Wars,0.12,2008,SouthPeak Interactive Corporation,Action,0,0,17.95,72,2,0,0,Action|Platform|ThirdPerson,Unknown
Nintendo DS,Dragon Quest V: Hand of the Heavenly Bride,0.12,2008,SquareEnix,Role-Playing (RPG),1,1,29.95,84,1,0,0,RPG|Anime|MedievalFantasy|ThirdPerson,Unknown
Nintendo DS,Ninjatown,0.12,2008,SouthPeak Interactive Corporation,Strategy,0,0,19.95,80,1,0,0,Strategy|MartialArts|RealTime|TopDown,Unknown
Nintendo DS,Super Dodgeball Brawlers,0.12,2008,"Aksys Games, Arc System Works Co., Ltd.","Action, Sports",0,0,19.95,65,1,0,0,Action|Sports|Fighting|SideScrolling|ThirdPerson,E
Nintendo Wii,Dokapon Kingdom,0.12,2008,"Atlus U.S.A., Inc.","Role-Playing (RPG), Strategy",0,0,17.95,72,1,0,1,RPG|Strategy|Boardgame|TurnBased|ThirdPerson,Unknown
X360,Alone in the Dark,0.12,2008,Atari,"Action, Adventure, Racing / Driving",0,1,14.95,58,1,0,1,Action|Adventure|Racing|Detective|Puzzle|Shooter|SurvivalHorror|FirstPerson|ThirdPerson,M
PlayStation 3,NBA 09: The Inside,0.11,2008,Sony,Sports,1,0,14.95,63,4,1,0,Sports|Basketball|ThirdPerson,E
PlayStation 3,Sega Superstars Tennis,0.11,2008,Sega,Sports,0,0,16.95,67,4,1,1,Sports|Tennis|Isometric|ThirdPerson,Unknown
X360,Baja: Edge of Control,0.11,2008,THQ,"Racing / Driving, Simulation, Sports",0,0,16.95,65,4,1,1,Racing|Simulation|Sports|OffRoad|FirstPerson|ThirdPerson,E
Nintendo Wii,Destroy All Humans! Big Willy Unleashed,0.11,2008,THQ,Adventure,1,0,17.95,53,2,0,0,Adventure|Shooter|ThirdPerson,T
Nintendo DS,Space Invaders Extreme,0.11,2008,SquareEnix,Action,0,1,16.95,85,1,1,1,Action|Arcade|SciFi|Shooter|TopDown|ThirdPerson,E
Nintendo DS,Ultimate Band,0.11,2008,Disney,"Action, Simulation",0,0,14.95,69,1,0,0,Action|Simulation|RhythmAction|FirstPerson,E
PlayStation 3,The Club,0.1,2008,Sega,Action,0,0,14.95,72,4,1,1,Action|Shooter|ThirdPerson,M
PlayStation 3,Madagascar: Escape 2 Africa,0.1,2008,Activision,Action,0,0,24.95,58,4,0,1,Action|Pinball|ThirdPerson,E
PlayStation 3,NBA Ballers: Chosen One,0.1,2008,Midway,Sports,1,0,14.95,54,4,1,1,Sports|Basketball|ThirdPerson,E
Nintendo Wii,Dream Pinball 3D,0.1,2008,TopWare Interactive,Simulation,0,0,16.95,54,4,0,0,Simulation|Pinball|FirstPerson,E
X360,Madagascar: Escape 2 Africa,0.1,2008,Activision,Action,0,0,19.95,62,4,0,1,Action|Pinball|ThirdPerson,E
X360,Rock Band: Track Pack - Volume 2,0.1,2008,MTV Games,"Action, Simulation",2,0,17.95,70,4,0,0,Action|Simulation|RhythmAction|ThirdPerson,T
X360,Karaoke Revolution Presents: American Idol Encore,0.1,2008,Konami,Simulation,1,0,22.95,70,3,0,1,Simulation|RhythmAction,E
Nintendo Wii,Pro Evolution Soccer 2008,0.1,2008,Konami,Sports,1,0,17.95,83,2,0,1,Sports|Soccer|Isometric|TopDown|ThirdPerson,E
Nintendo DS,Avalon Code,0.1,2008,"Marvelous Entertainment Inc., Marvelous Entertainment USA, Inc., XSEED Games","Action, Adventure, Role-Playing (RPG)",0,0,27.95,71,1,0,0,Action|Adventure|RPG|Anime|MedievalFantasy|RealTime|TopDown,Unknown
Nintendo DS,Disgaea DS,0.1,2008,"NIS America, Inc.","Role-Playing (RPG), Strategy",0,1,24.95,82,1,0,0,RPG|Strategy|MedievalFantasy|TurnBased|TopDown,T
Nintendo DS,Guitar Rock Tour,0.1,2008,Gameloft S.A.,Simulation,0,0,13.95,60,1,0,0,Simulation|RhythmAction,Unknown
Nintendo DS,Lost in Blue 3,0.1,2008,Konami,Role-Playing (RPG),1,0,17.95,59,1,0,0,RPG|Puzzle|ThirdPerson,Unknown
Nintendo DS,Syberia,0.1,2008,"DreamCatcher Interactive Inc., Mindscape SA",Adventure,0,0,23.95,52,1,0,1,Adventure|Detective|Puzzle|ThirdPerson,T
PlayStation 3,Afrika,0.1,2008,Sony,"Adventure, Simulation",0,0,47.95,63,1,0,0,Adventure|Simulation|FirstPerson|ThirdPerson,Unknown
PlayStation 3,NFL Head Coach 09,0.1,2008,EA,"Simulation, Sports, Strategy",1,0,14.95,64,1,1,0,Simulation|Sports|Strategy|Managerial|AmericanFootball|ThirdPerson,Unknown
PlayStation 3,NHL 2K9,0.1,2008,2K,Sports,1,0,14.95,70,1,0,1,Sports|Hockey|ThirdPerson,Unknown
Nintendo Wii,Brothers in Arms: Double Time,0.1,2008,Ubisoft,"Action, Strategy",1,0,17.95,45,1,0,0,Action|Strategy|HistoricalBattle|Shooter|FirstPerson|ThirdPerson,M
Nintendo Wii,ObsCure: The Aftermath,0.1,2008,"Ignition Entertainment Ltd. USA, Playlogic Entertainment, Inc., Playlogic International N.V.",Action,1,0,16.95,53,1,0,0,Action|SurvivalHorror|ThirdPerson,M
X360,MotoGP 08,0.1,2008,CE Europe Ltd.,"Racing / Driving, Simulation, Sports",1,0,16.95,68,1,1,1,Racing|Simulation|Sports|Motorcycle|FirstPerson|ThirdPerson,E
X360,NFL Head Coach 09,0.1,2008,EA,"Simulation, Sports, Strategy",1,0,12.95,67,1,1,0,Simulation|Sports|Strategy|Managerial|AmericanFootball|ThirdPerson,E
X360,NFL Tour,0.1,2008,EA,"Action, Sports",0,0,12.95,49,1,0,1,Action|Sports|AmericanFootball|SideScrolling|TopDown|ThirdPerson,E
Sony PSP,Pinball Hall of Fame: The Williams Collection,0.09,2008,"Crave Entertainment, Inc.",Simulation,1,0,17.95,78,4,1,1,Simulation|Pinball|FirstPerson|TopDown,Unknown
PlayStation 3,Baja: Edge of Control,0.09,2008,THQ,"Racing / Driving, Simulation, Sports",0,0,17.95,61,4,1,1,Racing|Simulation|Sports|OffRoad|FirstPerson|ThirdPerson,E
PlayStation 3,NFL Tour,0.09,2008,EA,"Action, Sports",0,0,14.95,45,4,1,1,Action|Sports|AmericanFootball|SideScrolling|TopDown|ThirdPerson,E
PlayStation 3,Wall-E,0.09,2008,THQ,Action,0,0,17.95,51,4,0,0,Action|Flight|Puzzle|SciFi|Platform|ThirdPerson,Unknown
Nintendo Wii,Ninja Reflex,0.09,2008,EA,Action,0,0,14.95,49,4,0,1,Action|Boardgame|MartialArts|Meditative|FirstPerson,Unknown
X360,Conflict: Denied Ops,0.09,2008,Eidos,Action,0,0,12.95,52,4,1,0,Action|Shooter|FirstPerson,Unknown
X360,Top Spin 3,0.09,2008,2K,Sports,1,0,19.95,78,4,1,0,Sports|Tennis|ThirdPerson,E
PlayStation 3,Blitz: The League II,0.09,2008,Midway,"Action, Sports",1,0,14.95,62,2,1,1,Action|Sports|Arcade|AmericanFootball|ThirdPerson,M
PlayStation 3,Hellboy: The Science of Evil,0.09,2008,Konami,"Action, Adventure",1,0,16.95,47,2,1,1,Action|Adventure|Comics|Fighting|MedievalFantasy|Puzzle|SciFi|Shooter|ThirdPerson,T
Nintendo Wii,Castlevania Judgment,0.09,2008,Konami,Action,0,0,17.95,49,2,1,0,Action|Fighting|Platform,T
Nintendo Wii,Death Jr. II: Root of Evil,0.09,2008,Eidos,Action,1,0,17.95,71,2,0,1,Action|ThirdPerson,T
X360,Raiden IV,0.09,2008,"Moss Ltd, UFO Interactive Games, Inc.",Action,1,0,32.95,63,2,0,0,Action|Arcade|SciFi|Shooter|TopDown,Unknown
Nintendo DS,Metal Slug 7,0.09,2008,Ignition Entertainment Ltd. USA,Action,1,0,17.95,70,1,0,0,Action|SciFi|Shooter|Platform|SideScrolling|ThirdPerson,T
Nintendo DS,Spider-Man: Web of Shadows,0.09,2008,Activision,Action,0,0,15.95,77,1,0,1,Action|Fighting|Horror|SideScrolling,Unknown
Nintendo DS,Tecmo Bowl Kickoff,0.09,2008,"Tecmo, Inc.","Action, Sports",0,0,15.95,66,1,1,0,Action|Sports|AmericanFootball|TopDown,Unknown
Nintendo DS,Trauma Center: Under The Knife 2,0.09,2008,"Atlus U.S.A., Inc.","Action, Simulation",1,0,19.95,79,1,0,0,Action|Simulation|Anime|Arcade|Puzzle|SciFi|FirstPerson,T
PlayStation 3,Alone in the Dark: Inferno,0.09,2008,Atari,"Action, Adventure, Racing / Driving",1,0,16.95,69,1,0,0,Action|Adventure|Racing|Detective|Puzzle|Shooter|SurvivalHorror|FirstPerson|ThirdPerson,M
PlayStation 3,Fracture,0.09,2008,LucasArts,Action,0,0,14.95,62,1,1,1,Action|PostApocalyptic|SciFi|Shooter|ThirdPerson,T
Nintendo Wii,Alone in the Dark,0.09,2008,Atari,"Action, Adventure, Racing / Driving",0,1,14.95,39,1,0,1,Action|Adventure|Racing|Detective|Puzzle|Shooter|SurvivalHorror|FirstPerson|ThirdPerson,M
Nintendo Wii,Final Fantasy Fables: Chocobo's Dungeon,0.09,2008,SquareEnix,"Action, Role-Playing (RPG)",1,0,17.95,76,1,1,0,Action|RPG|MedievalFantasy|Puzzle|TurnBased|ThirdPerson,Unknown
Nintendo Wii,The King of Fighters Collection: The Orochi Saga,0.09,2008,SNK Playmore USA Corp.,Action,1,1,17.95,70,1,0,1,Action|Fighting|MartialArts|SideScrolling|ThirdPerson,T
Nintendo Wii,Klonoa: Door to Phantomile,0.09,2008,Namco,Action,1,0,17.95,77,1,0,0,Action|Platform|ThirdPerson,Unknown
Nintendo Wii,Samurai Warriors: Katana,0.09,2008,"KOEI Corporation, KOEI Ltd.",Action,1,0,17.95,53,1,0,0,Action|HistoricalBattle|FirstPerson,T
Nintendo Wii,Battle of the Bands,0.08,2008,THQ,"Action, Simulation",0,0,14.95,58,2,0,0,Action|Simulation|RhythmAction|ThirdPerson,T
X360,Hellboy: The Science of Evil,0.08,2008,Konami,"Action, Adventure",1,0,14.95,44,2,1,1,Action|Adventure|Comics|Fighting|MedievalFantasy|Puzzle|SciFi|Shooter|ThirdPerson,T
Nintendo DS,Dragon Ball: Origins,0.08,2008,Atari,"Action, Adventure",1,0,15.95,78,1,0,0,Action|Adventure|Anime|Fighting|Puzzle|TopDown|ThirdPerson,T
Nintendo DS,Ninja Reflex,0.08,2008,EA,Action,0,0,12.95,54,1,0,1,Action|Boardgame|MartialArts|Meditative|FirstPerson,Unknown
Nintendo DS,Space Bust-A-Move,0.08,2008,SquareEnix,Strategy,1,0,17.95,71,1,0,0,Strategy|Arcade|Puzzle|SideScrolling,E
PlayStation 3,Top Spin 3,0.08,2008,2K,Sports,1,0,24.95,75,1,0,0,Sports|Tennis|ThirdPerson,Unknown
PlayStation 3,UEFA Euro 2008,0.07,2008,EA,Sports,1,0,17.95,79,7,1,1,Sports|Soccer|ThirdPerson,E
Nintendo Wii,"Blast Works: Build, Trade, Destroy",0.07,2008,Majesco Entertainment Company,Action,0,0,14.95,78,4,0,0,Action|Arcade|Flight|Shooter|SideScrolling|ThirdPerson,E
X360,FIFA Street 3,0.07,2008,EA,Sports,1,0,14.95,63,4,1,1,Sports|Soccer|Tricks|ThirdPerson,E
X360,Blitz: The League II,0.07,2008,Midway,"Action, Sports",1,0,12.95,68,2,1,1,Action|Sports|Arcade|AmericanFootball|ThirdPerson,M
X360,Space Chimps,0.07,2008,"Brash Entertainment, LLC.","Action, Adventure",0,0,14.95,57,2,0,0,Action|Adventure|RealTime|SciFi|ThirdPerson,Unknown
X360,The Spiderwick Chronicles,0.07,2008,"Sierra Entertainment, Inc.","Action, Adventure",0,0,14.95,59,2,0,1,Action|Adventure|Puzzle|ThirdPerson,Unknown
Nintendo DS,Brain Voyage,0.07,2008,Eidos,Action,0,0,17.95,52,1,0,0,Action|MentalTraining,E
Nintendo DS,Etrian Odyssey II: Heroes of Lagaard,0.07,2008,"Atlus Co., Ltd., Atlus U.S.A., Inc.",Role-Playing (RPG),1,0,24.95,82,1,0,0,RPG|MedievalFantasy|TurnBased|FirstPerson,Unknown
Nintendo DS,Exit DS,0.07,2008,SquareEnix,"Action, Strategy",0,0,14.95,64,1,0,1,Action|Strategy|Arcade|Puzzle|Platform|SideScrolling|ThirdPerson,E
Nintendo DS,Line Rider 2: Unbound,0.07,2008,Genius Products Inc.,"Simulation, Sports",1,0,8.95,59,1,0,1,Simulation|Sports|Tricks|SideScrolling,E
Sony PSP,The King of Fighters Collection: The Orochi Saga,0.07,2008,SNK Playmore USA Corp.,Action,1,1,17.95,61,1,0,1,Action|Fighting|MartialArts|SideScrolling|ThirdPerson,T
Nintendo Wii,Target: Terror,0.07,2008,Konami,Action,0,0,17.95,33,1,0,0,Action|Shooter|FirstPerson,Unknown
Nintendo Wii,Wild Earth: African Safari,0.07,2008,Majesco Entertainment Company,"Adventure, Educational, Simulation",0,0,16.95,60,1,0,0,Adventure|Educational|Simulation|Ecology|FirstPerson,E
X360,Legendary,0.07,2008,Atari,Action,0,0,17.95,47,1,1,0,Action|Shooter|FirstPerson,M
X360,Universe at War: Earth Assault,0.07,2008,Sega,"Action, Strategy",0,0,14.95,66,1,1,0,Action|Strategy|PostApocalyptic|RealTime|SciFi|ThirdPerson,T
X360,Smash Court Tennis 3,0.06,2008,Atari,"Simulation, Sports",1,0,14.95,55,4,1,1,Simulation|Sports|Arcade|Tennis|ThirdPerson,E
Nintendo DS,Code Lyoko: Fall of X.A.N.A,0.06,2008,The Game Factory ApS,"Action, Role-Playing (RPG)",1,0,14.95,51,1,0,0,Action|RPG|Puzzle|TurnBased|ThirdPerson,Unknown
Nintendo DS,Knights in the Nightmare,0.06,2008,"Atlus U.S.A., Inc., Sting, Inc.","Role-Playing (RPG), Strategy",0,0,29.95,76,1,0,0,RPG|Strategy|Anime|MedievalFantasy|TurnBased|Isometric,T
Nintendo DS,Lock's Quest,0.06,2008,THQ,"Action, Adventure, Strategy",0,0,14.95,80,1,0,0,Action|Adventure|Strategy|MedievalFantasy|RealTime|Isometric|ThirdPerson,Unknown
Nintendo DS,Master of the Monster Lair,0.06,2008,"Atlus U.S.A., Inc.",Role-Playing (RPG),0,0,14.95,63,1,0,0,RPG|Anime|MedievalFantasy|TurnBased|FirstPerson|TopDown,Unknown
Nintendo DS,N+,0.06,2008,Atari,Action,0,0,14.95,82,1,0,1,Action|Arcade|Platform|ThirdPerson,E
Nintendo DS,Pipe Mania,0.06,2008,Empire Interactive Europe Ltd.,Strategy,0,0,14.95,71,1,0,1,Strategy|Puzzle|RealTime|TopDown,E
Nintendo DS,Pop Cutie! Street Fashion Simulation,0.06,2008,KOEI Corporation,Simulation,0,0,22.95,72,1,0,0,Simulation|Anime|Managerial|RealTime|Isometric,E
Nintendo DS,Red Bull BC One,0.06,2008,Playlogic International N.V.,Action,0,0,7.95,48,1,0,0,Action|Puzzle|RhythmAction|ThirdPerson,Unknown
Nintendo DS,The Spiderwick Chronicles,0.06,2008,"Sierra Entertainment, Inc.",Role-Playing (RPG),0,0,12.95,60,1,0,1,RPG|Puzzle|TopDown,Unknown
Nintendo DS,Summon Night: Twin Age,0.06,2008,"Atlus U.S.A., Inc.",Role-Playing (RPG),0,0,24.95,73,1,0,0,RPG|Anime|TopDown,Unknown
Sony PSP,Wild Arms XF,0.06,2008,"505 Games S.R.L., XSEED Games",Role-Playing (RPG),0,0,17.95,64,1,0,0,RPG|Anime|TurnBased|ThirdPerson,Unknown
PlayStation 3,FIFA Street 3,0.06,2008,EA,Sports,1,0,17.95,63,1,0,1,Sports|Soccer|Tricks|ThirdPerson,E
PlayStation 3,MotoGP 08,0.06,2008,CE Europe Ltd.,"Racing / Driving, Simulation, Sports",1,0,17.95,65,1,0,1,Racing|Simulation|Sports|Motorcycle|FirstPerson|ThirdPerson,E
Nintendo Wii,Harvey Birdman: Attorney at Law,0.06,2008,Capcom,Adventure,0,0,14.95,60,1,0,0,Adventure|InteractiveMovie|Puzzle,T
Nintendo Wii,Let's Tap,0.06,2008,Sega,Simulation,0,0,17.95,70,1,0,0,Simulation|Boardgame|RhythmAction,E
Nintendo Wii,NHL 2K9,0.06,2008,2K,Sports,1,0,14.95,65,1,0,1,Sports|Hockey|ThirdPerson,Unknown
X360,Warhammer: Mark of Chaos - Battle March,0.06,2008,Namco,Strategy,0,0,19.95,55,1,1,0,Strategy|MedievalFantasy|RealTime|TurnBased|Isometric|ThirdPerson,M
PlayStation 3,Conflict: Denied Ops,0.05,2008,Eidos,Action,0,0,17.95,51,4,1,0,Action|Shooter|FirstPerson,M
Nintendo Wii,Worms: A Space Oddity,0.05,2008,THQ,"Action, Strategy",1,0,17.95,64,4,0,0,Action|Strategy|SciFi|TurnBased|SideScrolling,Unknown
X360,UEFA Euro 2008,0.05,2008,EA,Sports,1,0,14.95,80,4,1,1,Sports|Soccer|ThirdPerson,E
PlayStation 3,Overlord: Raising Hell,0.05,2008,"Codemasters Software Company Limited, The","Action, Strategy",1,0,17.95,72,2,1,0,Action|Strategy|MedievalFantasy|ThirdPerson,T
Nintendo Wii,Ford Racing Off Road,0.05,2008,Xplosiv,Racing / Driving,1,0,16.95,37,2,0,0,Racing|ThirdPerson,E
Nintendo Wii,SNK Arcade Classics Vol. 1,0.05,2008,"Ignition Entertainment Ltd., SNK Playmore USA Corp.","Action, Sports",0,1,17.95,73,2,0,0,Action|Sports|Anime|Arcade|Cyberpunk|Fighting|MartialArts|MedievalFantasy|SciFi|Shooter|Baseball|Golf|Soccer|Platform|Isometric|SideScrolling|TopDown|ThirdPerson,T
X360,Battle Fantasia,0.05,2008,"Aksys Games, Arc System Works Co., Ltd.","Action, Role-Playing (RPG)",0,0,22.95,71,2,1,0,Action|RPG|Anime|Fighting|MedievalFantasy|ThirdPerson,T
Nintendo DS,Bangai-O Spirits,0.05,2008,"D3Publisher of America, Inc., D3Publisher of Europe Ltd., Entertainment Software Publishing Inc.",Action,0,0,14.95,83,1,0,0,Action|Anime|Arcade|Battlemech|SciFi|Shooter|SideScrolling|ThirdPerson,Unknown
Nintendo DS,Dungeon Explorer: Warriors of Ancient Arts,0.05,2008,"Hudson Entertainment, Inc., Rising Star Games Ltd.","Action, Role-Playing (RPG)",0,0,17.95,60,1,0,0,Action|RPG|Arcade|MedievalFantasy|RealTime|TopDown,Unknown
Nintendo DS,From the Abyss,0.05,2008,"Aksys Games, Nobilis France, Sonic Powered Co., Ltd.","Action, Role-Playing (RPG)",0,0,19.95,60,1,0,0,Action|RPG|Anime|MedievalFantasy|RealTime|TopDown|ThirdPerson,E
Nintendo DS,Garfield's Fun Fest,0.05,2008,"Destination Software, Inc.",Action,0,0,12.95,44,1,0,0,Action|SideScrolling|ThirdPerson,E
Nintendo DS,New International Track & Field,0.05,2008,Konami,"Action, Sports",0,1,14.95,73,1,0,0,Action|Sports|Anime|Arcade|Cycling|Olympiad|ThirdPerson,Unknown
Nintendo DS,Soul Bubbles,0.05,2008,Eidos,Strategy,0,0,14.95,78,1,0,0,Strategy|Puzzle|RealTime|ThirdPerson,E
Nintendo DS,Tropix!,0.05,2008,RealArcade,Action,0,0,23.95,59,1,0,0,Action|Arcade|Puzzle|Platform,Unknown
Nintendo DS,Unsolved Crimes,0.05,2008,"Empire Interactive Entertainment, Empire Interactive Europe Ltd.","Action, Adventure, Racing / Driving",0,0,17.95,66,1,0,0,Action|Adventure|Racing|Detective|Puzzle|Shooter|FirstPerson,T
Nintendo DS,Zubo,0.05,2008,EA,"Adventure, Role-Playing (RPG), Strategy",0,0,14.95,75,1,0,0,Adventure|RPG|Strategy|Fighting|RhythmAction|TurnBased|ThirdPerson,Unknown
Sony PSP,Ford Racing Off Road,0.05,2008,Xplosiv,Racing / Driving,1,0,12.95,47,1,1,1,Racing|ThirdPerson,E
Sony PSP,Harvey Birdman: Attorney at Law,0.05,2008,Capcom,Adventure,0,0,14.95,62,1,0,1,Adventure|InteractiveMovie|Puzzle,T
Sony PSP,Secret Agent Clank,0.05,2008,Sony,Action,1,0,23.95,72,1,0,1,Action|SciFi|Shooter|Spy|Stealth|ThirdPerson,Unknown
Sony PSP,Space Invaders Extreme,0.05,2008,SquareEnix,Action,0,1,16.95,84,1,0,1,Action|Arcade|SciFi|Shooter|TopDown|ThirdPerson,E
PlayStation 3,Armored Core: For Answer,0.05,2008,Ubisoft,Action,1,0,29.95,62,1,0,1,Action|Battlemech|Flight|PostApocalyptic|SciFi|Shooter|ThirdPerson,T
PlayStation 3,Legendary,0.05,2008,Atari,Action,0,0,19.95,50,1,0,0,Action|Shooter|FirstPerson,Unknown
Nintendo Wii,Agatha Christie: Evil Under the Sun,0.05,2008,The Adventure Company,Adventure,1,0,17.95,46,1,0,0,Adventure|Detective|Puzzle|ThirdPerson,T
Nintendo Wii,Agatha Christie: And Then There Were None,0.05,2008,The Adventure Company,Adventure,0,0,17.95,50,1,0,0,Adventure|Detective|Horror|Puzzle|ThirdPerson,T
X360,Armored Core: For Answer,0.05,2008,Ubisoft,Action,1,0,24.95,64,1,1,1,Action|Battlemech|Flight|PostApocalyptic|SciFi|Shooter|ThirdPerson,T
Nintendo DS,Cradle of Rome,0.04,2008,Rising Star Games Ltd.,Strategy,0,0,17.95,63,1,0,0,Strategy|Puzzle,E
Nintendo DS,The Dark Spire,0.04,2008,"Atlus U.S.A., Inc., Success Corp.","Adventure, Role-Playing (RPG)",0,0,24.95,69,1,0,0,Adventure|RPG|MedievalFantasy|TurnBased|FirstPerson,Unknown
Nintendo DS,"Flower, Sun and Rain",0.04,2008,"Marvelous Entertainment Inc., Rising Star Games Ltd.",Adventure,0,0,23.95,54,1,0,0,Adventure|Detective|Puzzle|ThirdPerson,Unknown
Nintendo DS,Insecticide,0.04,2008,Gamecock Media Group,"Action, Adventure",0,0,12.95,55,1,0,0,Action|Adventure|Detective|SciFi|Shooter|Platform|ThirdPerson,Unknown
Nintendo DS,Izuna 2: The Unemployed Ninja Returns,0.04,2008,"Atlus U.S.A., Inc.",Role-Playing (RPG),1,0,17.95,65,1,0,0,RPG|Anime|MedievalFantasy|TurnBased|TopDown,T
Nintendo DS,Looney Tunes: Cartoon Conductor,0.04,2008,Eidos,Action,0,0,13.95,67,1,0,0,Action|RhythmAction,E
Nintendo DS,Nanostray 2,0.04,2008,"Codemasters Software Company Limited, The, Majesco Entertainment Company",Action,1,0,12.95,75,1,0,0,Action|SciFi|Shooter|TopDown,E
Sony PSP,Hellboy: The Science of Evil,0.04,2008,Konami,Action,1,0,14.95,42,1,1,1,Action|Comics|Fighting|MedievalFantasy|Puzzle|SciFi|Shooter|ThirdPerson,T
Sony PSP,Pipe Mania,0.04,2008,Empire Interactive Europe Ltd.,Strategy,0,0,12.95,74,1,0,1,Strategy|Puzzle|RealTime|TopDown,E
Sony PSP,UEFA Euro 2008,0.04,2008,EA,Sports,1,0,19.95,68,1,1,1,Sports|Soccer|ThirdPerson,E
PlayStation 3,Vampire Rain,0.04,2008,Ignition Entertainment Ltd. USA,Action,0,0,24.95,30,1,0,0,Action|Horror|Stealth|ThirdPerson,M
Nintendo Wii,Baroque,0.04,2008,"Atlus U.S.A., Inc.","Action, Role-Playing (RPG)",0,0,19.95,50,1,0,1,Action|RPG|Horror|PostApocalyptic|ThirdPerson,T
Nintendo Wii,Mortimer Beckett and the Secrets of the Spooky Manor,0.04,2008,RealArcade,Strategy,0,0,22.95,56,1,0,0,Strategy|ThirdPerson,Unknown
X360,Supreme Commander,0.04,2008,"505 Games S.R.L., Aspyr Media, Inc.",Strategy,0,0,17.95,56,1,1,0,Strategy|RealTime|SciFi|TopDown,Unknown
X360,Hail to the Chimp,0.03,2008,Gamecock Media Group,"Action, Strategy",0,0,16.95,52,4,1,1,Action|Strategy|Arcade|Boardgame|TopDown,T
Nintendo DS,Assassin's Creed: Altair's Chronicles,0.03,2008,Ubisoft,Action,1,0,11.95,58,1,0,1,Action|MedievalFantasy|Stealth|SideScrolling|ThirdPerson,T
Nintendo DS,Igor: The Game,0.03,2008,"SouthPeak Interactive, LLC",Action,0,0,14.95,43,1,0,0,Action|Puzzle|ThirdPerson,Unknown
Nintendo DS,The Legend of Kage 2,0.03,2008,SquareEnix,Action,1,0,14.95,70,1,0,0,Action|Anime|MartialArts|Platform|SideScrolling|ThirdPerson,E
Nintendo DS,Rhapsody: A Musical Adventure,0.03,2008,"NIS America, Inc., NIS Europe, Inc.",Role-Playing (RPG),0,0,12.95,67,1,0,0,RPG|Anime|MedievalFantasy|TurnBased|TopDown,E
Nintendo DS,Secret Files: Tunguska,0.03,2008,Deep Silver,Adventure,0,0,17.95,71,1,0,1,Adventure|Detective|Spy|ThirdPerson,T
Nintendo DS,Toy Shop,0.03,2008,Majesco Entertainment Company,Simulation,0,0,12.95,31,1,0,0,Simulation|Managerial|PreSchool|ThirdPerson,E
Sony PSP,Downstream Panic!,0.03,2008,Atari,Strategy,0,0,14.95,77,1,0,0,Strategy|Puzzle|ThirdPerson,Unknown
Sony PSP,Fading Shadows,0.03,2008,"Agetec, Inc., Ivolgamus UAB","Action, Adventure",0,0,17.95,62,1,1,0,Action|Adventure|MedievalFantasy|Puzzle|TopDown|ThirdPerson,E
PlayStation 3,Hail to the Chimp,0.03,2008,Gamecock Media Group,"Action, Strategy",0,0,15.95,51,1,0,1,Action|Strategy|Arcade|Boardgame|TopDown,T
Nintendo Wii,Emergency Mayhem,0.02,2008,Codemasters,"Action, Racing / Driving",0,0,8.95,40,4,0,0,Action|Racing|Arcade|Boardgame|ThirdPerson,T
Nintendo Wii,Secret Files: Tunguska,0.02,2008,Deep Silver,Adventure,0,0,17.95,64,2,0,1,Adventure|Detective|Spy|ThirdPerson,T
Nintendo DS,Chicken Hunter,0.02,2008,"MumboJumbo, LLC",Action,0,0,17.95,39,1,0,0,Action|Arcade|Puzzle|Shooter|FirstPerson,Unknown
Nintendo DS,Commando: Steel Disaster,0.02,2008,"XS Games, LLC",Action,0,0,16.95,64,1,0,0,Action|Arcade|Shooter|SideScrolling,Unknown
Nintendo DS,Drone Tactics,0.02,2008,"Atlus U.S.A., Inc.",Strategy,0,0,24.95,74,1,0,0,Strategy|Anime|Battlemech|SciFi|TurnBased|Isometric,Unknown
Nintendo DS,Eco-Creatures: Save the Forest,0.02,2008,Majesco Entertainment Company,Strategy,0,0,11.95,55,1,0,0,Strategy|Anime|RealTime|TopDown,E
Nintendo DS,Jake Hunter: Detective Chronicles,0.02,2008,Aksys Games,Adventure,0,0,17.95,47,1,0,0,Adventure|Detective|Puzzle|FirstPerson,T
Nintendo DS,"Teenage Zombies: ""Invasion of the Alien Brain T...",0.02,2008,Ignition Entertainment Ltd. USA,"Action, Adventure",0,0,9.95,67,1,0,0,Action|Adventure|Comics|Horror|Puzzle|SciFi|Platform,Unknown
Nintendo DS,Time Hollow,0.02,2008,Konami,"Adventure, Simulation",0,0,24.95,64,1,0,0,Adventure|Simulation|Anime|Detective|Puzzle|FirstPerson,Unknown
Sony PSP,N+,0.02,2008,Atari,Action,0,0,14.95,79,1,1,1,Action|Arcade|Platform|ThirdPerson,E
Sony PSP,Warriors Orochi,0.02,2008,KOEI Corporation,"Action, Role-Playing (RPG)",0,0,14.95,62,1,0,1,Action|RPG|MedievalFantasy|ThirdPerson,T
PlayStation 3,Rise of the Argonauts,0.02,2008,"Codemasters Software Company Limited, The","Action, Adventure",0,0,19.95,57,1,0,0,Action|Adventure|Fighting|MedievalFantasy|ThirdPerson,M
Nintendo Wii,George of the Jungle and the Search for the Secret,0.02,2008,"Crave Entertainment, Inc.",Action,0,0,16.95,35,1,0,1,Action|Puzzle|Platform|SideScrolling|ThirdPerson,E
Nintendo Wii,Line Rider 2: Unbound,0.02,2008,Genius Products Inc.,"Simulation, Sports",1,0,7.95,62,1,0,1,Simulation|Sports|Tricks|SideScrolling,E
Nintendo Wii,PDC World Championship Darts 2008,0.02,2008,Oxygen Interactive Software Ltd.,"Simulation, Sports",1,0,24.95,51,1,0,1,Simulation|Sports|FirstPerson,Unknown
X360,Rise of the Argonauts,0.02,2008,"Codemasters Software Company Limited, The","Action, Adventure",0,0,47.95,54,1,0,0,Action|Adventure|Fighting|MedievalFantasy|ThirdPerson,Unknown
Sony PSP,Dungeon Explorer: Warriors of Ancient Arts,0.01,2008,"Hudson Entertainment, Inc.","Action, Role-Playing (RPG)",0,0,17.95,56,4,1,0,Action|RPG|Arcade|MedievalFantasy|RealTime|TopDown,T
X360,Summer Athletics: The Ultimate Challenge,0.01,2008,dtp entertainment AG,Sports,0,0,14.95,48,4,0,0,Sports|Olympiad|ThirdPerson,E
Nintendo DS,Away: Shuffle Dungeon,0.01,2008,"AQ Interactive, Inc., Majesco Entertainment Company","Action, Role-Playing (RPG)",0,0,14.95,65,1,0,0,Action|RPG|Anime|MedievalFantasy|Puzzle|TopDown|ThirdPerson,Unknown
Sony PSP,PDC World Championship Darts,0.01,2008,Oxygen Interactive Software Ltd.,"Simulation, Sports",0,0,9.95,43,1,0,0,Simulation|Sports|FirstPerson,Unknown
Nintendo Wii,Rebel Raiders: Operation Nighthawk,0.01,2008,"XS Games, LLC",Action,0,0,24.95,40,1,0,0,Action|Flight|Shooter|ThirdPerson,E
Nintendo Wii,Wii Sports Resort,13.87,2009,Nintendo,"Action, Sports",1,0,39.95,80,4,0,0,Action|Sports|Arcade|Flight|Basketball|Bowling|Cycling|Golf|Olympiad|PingPong|Sailing|Wakeboarding|ThirdPerson,E
Nintendo Wii,New Super Mario Bros. Wii,11.35,2009,Nintendo,Action,1,0,39.95,87,4,0,1,Action|Arcade|Platform|SideScrolling|ThirdPerson,E
Nintendo Wii,Wii Fit Plus,9.06,2009,Nintendo,"Educational, Sports",1,0,17.95,80,1,0,0,Educational|Sports|Health|ThirdPerson,Unknown
X360,Call of Duty: Modern Warfare 2,8.61,2009,Activision,Action,1,0,47.95,94,4,1,1,Action|Shooter|FirstPerson,M
PlayStation 3,Call of Duty: Modern Warfare 2,4.95,2009,Activision,Action,1,0,49.95,94,4,1,1,Action|Shooter|FirstPerson,M
X360,Halo 3: ODST,4.36,2009,Microsoft,"Action, Racing / Driving",1,0,32.95,83,4,1,0,Action|Racing|Flight|SciFi|Shooter|FirstPerson|ThirdPerson,M
Nintendo DS,Pokemon HeartGold,3.72,2009,Nintendo,Role-Playing (RPG),1,1,32.95,87,1,0,0,RPG,E
Nintendo DS,Pokemon SoulSilver,3.72,2009,Nintendo,Role-Playing (RPG),1,1,34.95,87,1,0,0,RPG,E
X360,Assassin's Creed II,2.81,2009,Ubisoft,Action,1,0,29.95,90,1,0,1,Action|Puzzle|Stealth|FirstPerson|ThirdPerson,M
X360,Forza Motorsport 3,2.79,2009,Microsoft,"Racing / Driving, Simulation",1,0,39.95,92,2,1,0,Racing|Simulation|FirstPerson|ThirdPerson,E
PlayStation 3,Uncharted 2: Among Thieves,2.47,2009,Sony,"Action, Adventure",1,0,44.95,96,1,1,0,Action|Adventure|Fighting|Puzzle|Shooter|ThirdPerson,T
X360,Left 4 Dead 2,2.41,2009,Valve Corporation,Action,1,0,27.95,89,1,1,0,Action|Shooter|SurvivalHorror|FirstPerson,Unknown
PlayStation 3,Assassin's Creed II,2.18,2009,Ubisoft,Action,1,0,29.95,91,1,0,1,Action|Puzzle|Stealth|FirstPerson|ThirdPerson,M
Nintendo Wii,EA SPORTS Active,2.16,2009,EA,"Educational, Sports",0,0,39.95,81,2,0,0,Educational|Sports|Health|ThirdPerson,E
Nintendo DS,Mario & Luigi: Bowser's Inside Story,2.03,2009,Nintendo,"Action, Role-Playing (RPG)",1,0,29.95,90,1,0,0,Action|RPG|Puzzle|RealTime|SideScrolling|TopDown|ThirdPerson,E
X360,Resident Evil 5,1.89,2009,Capcom,Action,1,0,22.95,85,2,1,1,Action|Shooter|SurvivalHorror|ThirdPerson,M
PlayStation 3,God of War Collection,1.86,2009,Sony,"Action, Adventure",0,1,27.95,91,1,0,0,Action|Adventure|Adult|Fighting|MedievalFantasy|ThirdPerson,M
X360,Borderlands,1.82,2009,2K,"Action, Role-Playing (RPG)",0,0,34.95,84,2,1,1,Action|RPG|Shooter|FirstPerson,M
PlayStation 3,Resident Evil 5,1.62,2009,Capcom,Action,1,0,24.95,86,2,1,1,Action|Shooter|SurvivalHorror|ThirdPerson,M
X360,Dragon Age: Origins,1.58,2009,EA,Role-Playing (RPG),0,0,37.95,86,1,0,0,RPG|MedievalFantasy|RealTime|ThirdPerson,Unknown
X360,UFC 2009 Undisputed,1.5,2009,THQ,Sports,1,0,19.95,83,2,1,1,Sports|Fighting|ThirdPerson,T
PlayStation 3,Batman: Arkham Asylum,1.46,2009,Eidos,Action,0,0,32.95,91,1,0,1,Action|Comics|Stealth|ThirdPerson,T
PlayStation 3,Final Fantasy XIII,1.44,2009,SquareEnix,Role-Playing (RPG),1,0,44.95,83,1,0,1,RPG|MedievalFantasy|RealTime|TurnBased|ThirdPerson,T
Nintendo DS,Scribblenauts,1.38,2009,Warner Bros. Interactive Entertainment Inc.,"Action, Strategy",0,0,24.95,79,1,0,0,Action|Strategy|InteractiveFictionGraphics|Puzzle|Platform|SideScrolling|ThirdPerson,Unknown
PlayStation 3,Killzone 2,1.38,2009,Sony,Action,1,0,22.95,91,1,1,0,Action|SciFi|Shooter|FirstPerson,M
Nintendo DS,The Legend of Zelda: Spirit Tracks,1.29,2009,Nintendo,Action,1,0,24.95,87,1,0,0,Action|MedievalFantasy|Puzzle|Train|TopDown|ThirdPerson,E
X360,Batman: Arkham Asylum,1.26,2009,Eidos,Action,0,0,29.95,92,1,0,1,Action|Comics|Stealth|ThirdPerson,T
PlayStation 3,inFAMOUS,1.24,2009,Sony,Action,0,0,24.95,85,1,0,0,Action|Comics|ThirdPerson,T
X360,Halo Wars,1.24,2009,Microsoft,Strategy,1,0,17.95,82,1,1,0,Strategy|RealTime|SciFi|TopDown,M
PlayStation 3,Street Fighter IV,1.09,2009,Capcom,Action,1,0,22.95,94,2,1,1,Action|Anime|Fighting|MartialArts|ThirdPerson,T
X360,Street Fighter IV,1.07,2009,Capcom,Action,1,0,24.95,93,2,1,1,Action|Anime|Fighting|MartialArts|ThirdPerson,T
PlayStation 3,UFC 2009 Undisputed,1.06,2009,THQ,Sports,1,0,22.95,85,2,1,1,Sports|Fighting|ThirdPerson,T
X360,The Beatles: Rock Band,0.95,2009,MTV Games,"Action, Simulation",1,0,24.95,89,6,1,1,Action|Simulation|RhythmAction|ThirdPerson,T
PlayStation 3,Sonic's Ultimate Genesis Collection,0.95,2009,Sega,"Action, Adventure, Role-Playing (RPG)",0,1,17.95,80,2,0,1,Action|Adventure|RPG|Anime|Arcade|Comics|Fighting|Helicoptor|MartialArts|MedievalFantasy|Pinball|Puzzle|SciFi|Shooter|TurnBased|FirstPerson|Platform|Isometric|SideScrolling|TopDown|ThirdPerson,Unknown
X360,Fight Night Round 4,0.94,2009,EA,Sports,1,0,19.95,87,2,1,1,Sports|Boxing|ThirdPerson,T
Nintendo Wii,Punch-Out!!,0.93,2009,Nintendo,Sports,1,0,39.95,86,2,0,0,Sports|Arcade|Boxing|ThirdPerson,Unknown
Nintendo Wii,Guitar Hero 5,0.91,2009,Activision,"Action, Simulation",1,0,24.95,89,4,1,1,Action|Simulation|RhythmAction|ThirdPerson,T
PlayStation 3,Fight Night Round 4,0.91,2009,EA,Sports,1,0,24.95,88,2,1,1,Sports|Boxing|ThirdPerson,T
PlayStation 3,Tekken 6,0.91,2009,Namco,Action,1,0,32.95,79,2,0,1,Action|Fighting|ThirdPerson,T
PlayStation 3,Ratchet & Clank: A Crack in Time (Collector's E...,0.87,2009,Sony,"Action, Adventure",1,0,32.95,87,2,0,0,Action|Adventure|Puzzle|SciFi|Shooter|Platform|ThirdPerson,T
X360,NBA 2K10,0.86,2009,2K,"Simulation, Sports",1,0,29.95,82,4,1,1,Simulation|Sports|Basketball|ThirdPerson,E
PlayStation 3,Dragon Age: Origins,0.85,2009,EA,Role-Playing (RPG),0,0,37.95,87,1,0,0,RPG|MedievalFantasy|RealTime|ThirdPerson,M
X360,skate 2,0.84,2009,EA,Sports,1,0,17.95,84,4,1,1,Sports|Skateboarding|ThirdPerson,T
PlayStation 3,Borderlands,0.83,2009,2K,"Action, Role-Playing (RPG)",0,0,34.95,83,2,1,1,Action|RPG|Shooter|FirstPerson,M
X360,Prototype,0.82,2009,Activision,Action,0,0,24.95,78,1,0,1,Action|Fighting|Shooter|Tank|ThirdPerson,M
Nintendo Wii,Toy Story Mania!,0.78,2009,Disney,Action,0,0,29.95,49,1,0,0,Action|FirstPerson,E
PlayStation 3,NBA 2K10,0.77,2009,2K,"Simulation, Sports",1,0,32.95,83,1,0,1,Simulation|Sports|Basketball|ThirdPerson,E
PlayStation 3,Demon's Souls,0.72,2009,"Atlus U.S.A., Inc.","Action, Role-Playing (RPG)",0,0,32.95,90,1,1,0,Action|RPG|MedievalFantasy|ThirdPerson,M
Nintendo DS,Professor Layton and the Diabolical Box,0.7,2009,Nintendo,"Adventure, Educational, Strategy",1,0,17.95,84,1,0,0,Adventure|Educational|Strategy|Puzzle|Maths|FirstPerson|ThirdPerson,Unknown
Nintendo Wii,LEGO Indiana Jones 2: The Adventure Continues ,0.69,2009,"LucasArts, TT Games Publishing Ltd","Action, Adventure",1,0,17.95,72,2,0,1,Action|Adventure|Puzzle|Platform|ThirdPerson,Unknown
PlayStation 3,Need for Speed: SHIFT,0.68,2009,EA,"Racing / Driving, Simulation",1,0,29.95,84,1,1,1,Racing|Simulation|FirstPerson|ThirdPerson,T
PlayStation 3,MLB 09: The Show,0.66,2009,Sony,Sports,1,0,19.95,90,1,0,1,Sports|Baseball|FirstPerson|ThirdPerson,E
X360,Marvel Ultimate Alliance 2,0.65,2009,Activision,"Action, Role-Playing (RPG)",1,0,24.95,73,4,1,1,Action|RPG|Comics|Fighting|SciFi|ThirdPerson,T
PlayStation 3,Prototype,0.65,2009,Activision,Action,0,0,24.95,79,1,0,1,Action|Fighting|Shooter|Tank|ThirdPerson,M
X360,Need for Speed: SHIFT,0.64,2009,EA,"Racing / Driving, Simulation",1,0,29.95,83,1,1,1,Racing|Simulation|FirstPerson|ThirdPerson,T
Nintendo Wii,Scooby-Doo! First Frights,0.61,2009,Warner Bros. Interactive Entertainment Inc.,Action,0,0,17.95,56,1,0,0,Action|Detective|Puzzle|Platform|ThirdPerson,Unknown
X360,FIFA Soccer 10,0.6,2009,EA,Sports,1,0,44.95,90,4,1,1,Sports|Soccer|ThirdPerson,E
PlayStation 3,FIFA Soccer 10,0.59,2009,EA,Sports,1,0,49.95,91,7,1,1,Sports|Soccer|ThirdPerson,E
Nintendo DS,Grand Theft Auto: Chinatown Wars ,0.58,2009,Rockstar,"Action, Racing / Driving",1,0,17.95,93,1,0,1,Action|Racing|Shooter|TopDown|ThirdPerson,M
X360,Guitar Hero 5,0.57,2009,Activision,"Action, Simulation",1,0,22.95,85,4,1,1,Action|Simulation|RhythmAction|ThirdPerson,T
X360,Brutal Legend,0.57,2009,EA,"Action, Strategy",0,0,17.95,82,1,1,1,Action|Strategy|MedievalFantasy|RealTime|RhythmAction|ThirdPerson,M
X360,WWE SmackDown vs. Raw 2010,0.56,2009,THQ,Sports,1,0,29.95,80,4,1,1,Sports|Wrestling|ThirdPerson,T
Nintendo DS,Pokemon Mystery Dungeon: Explorers of Sky,0.56,2009,Nintendo,Role-Playing (RPG),1,0,24.95,52,1,0,0,RPG|TopDown|ThirdPerson,E
X360,Tekken 6,0.55,2009,Namco,Action,1,0,29.95,80,2,1,1,Action|Fighting|ThirdPerson,T
Nintendo Wii,Disney/Pixar Cars: Race-O-Rama,0.54,2009,THQ,Racing / Driving,1,0,26.95,58,1,0,1,Racing|FirstPerson|ThirdPerson,E
X360,Sonic's Ultimate Genesis Collection,0.53,2009,Sega,"Action, Adventure, Role-Playing (RPG)",0,1,17.95,79,2,0,1,Action|Adventure|RPG|Anime|Arcade|Comics|Fighting|Helicoptor|MartialArts|MedievalFantasy|Pinball|Puzzle|SciFi|Shooter|TurnBased|FirstPerson|Platform|Isometric|SideScrolling|TopDown|ThirdPerson,Unknown
Nintendo Wii,Band Hero,0.53,2009,Activision,"Action, Simulation",1,0,29.95,79,1,0,1,Action|Simulation|RhythmAction|ThirdPerson,T
Nintendo Wii,Ghostbusters: The Video Game,0.52,2009,Atari,Action,0,0,17.95,76,1,0,0,Action|SciFi|Shooter|ThirdPerson,Unknown
X360,NHL 10 ,0.52,2009,EA,Sports,1,0,44.95,88,1,0,1,Sports,Unknown
X360,Guitar Hero: Metallica,0.5,2009,Activision,"Action, Simulation",1,0,29.95,84,4,1,1,Action|Simulation|ThirdPerson,T
PlayStation 3,Marvel Ultimate Alliance 2,0.49,2009,Activision,"Action, Role-Playing (RPG)",1,0,24.95,74,4,1,1,Action|RPG|Comics|Fighting|SciFi|ThirdPerson,T
Sony PSP,LittleBigPlanet,0.49,2009,Sony,Action,1,0,32.95,87,1,0,0,Action|Platform|SideScrolling|ThirdPerson,Unknown
PlayStation 3,WWE SmackDown vs. Raw 2010,0.48,2009,THQ,Sports,1,0,32.95,81,6,0,1,Sports|Wrestling|ThirdPerson,T
Nintendo Wii,Monster Hunter Tri,0.48,2009,Capcom,"Action, Role-Playing (RPG)",1,0,34.95,84,1,0,0,Action|RPG|MedievalFantasy|ThirdPerson,Unknown
X360,DJ Hero,0.47,2009,Activision,Simulation,0,0,39.95,84,1,1,1,Simulation|RealTime|RhythmAction|ThirdPerson,T
PlayStation 3,skate 2,0.46,2009,EA,Sports,1,0,17.95,84,4,1,1,Sports|Skateboarding|ThirdPerson,T
PlayStation 3,Brutal Legend,0.46,2009,EA,"Action, Strategy",0,0,17.95,83,1,1,1,Action|Strategy|MedievalFantasy|RealTime|RhythmAction|ThirdPerson,M
X360,Bayonetta,0.46,2009,Sega,Action,0,0,39.95,90,1,0,1,Action|ThirdPerson,M
X360,The Godfather II,0.46,2009,EA,"Action, Strategy",1,0,16.95,65,1,1,1,Action|Strategy|Adult|Fighting|Shooter|ThirdPerson,M
PlayStation 3,Guitar Hero 5,0.45,2009,Activision,"Action, Simulation",1,0,29.95,86,4,1,1,Action|Simulation|RhythmAction|ThirdPerson,T
Sony PSP,Monster Hunter Freedom Unite,0.45,2009,CE Europe Ltd.,"Action, Role-Playing (RPG)",1,0,24.95,81,1,0,0,Action|RPG|MedievalFantasy|ThirdPerson,T
Nintendo Wii,WWE SmackDown vs. Raw 2010,0.45,2009,THQ,Sports,1,0,24.95,78,1,0,1,Sports|Wrestling|ThirdPerson,T
X360,Red Faction: Guerrilla,0.45,2009,THQ,"Action, Racing / Driving",1,0,16.95,85,1,1,1,Action|Racing|Fighting|SciFi|Shooter|ThirdPerson,Unknown
Nintendo Wii,The House of the Dead: Overkill,0.44,2009,Sega,Action,1,0,17.95,78,4,0,0,Action|Horror|Shooter|FirstPerson,M
X360,MX vs ATV Reflex,0.44,2009,THQ,Racing / Driving,1,0,27.95,75,2,1,0,Racing|Motorcycle|OffRoad|ThirdPerson,E
Nintendo Wii,Metroid Prime Trilogy,0.43,2009,Nintendo,Action,0,1,39.95,91,4,0,0,Action|Puzzle|SciFi|Shooter|FirstPerson|ThirdPerson,T
X360,Ghostbusters: The Video Game,0.43,2009,Atari,Action,0,0,17.95,79,1,1,1,Action|SciFi|Shooter|ThirdPerson,Unknown
X360,LEGO Indiana Jones 2: The Adventure Continues ,0.42,2009,"LucasArts, TT Games Publishing Ltd","Action, Adventure",1,0,17.95,71,2,0,1,Action|Adventure|Puzzle|Platform|ThirdPerson,Unknown
Nintendo DS,Drawn to Life: The Next Chapter,0.42,2009,THQ,Action,1,0,17.95,72,1,0,0,Action|Puzzle|Platform|SideScrolling|ThirdPerson,E
PlayStation 3,The Godfather II,0.42,2009,EA,"Action, Strategy",1,0,17.95,67,1,0,1,Action|Strategy|Adult|Fighting|Shooter|ThirdPerson,M
PlayStation 3,MX vs ATV Reflex,0.42,2009,THQ,Racing / Driving,1,0,32.95,74,1,0,0,Racing|Motorcycle|OffRoad|ThirdPerson,Unknown
Sony PSP,Gran Turismo,0.41,2009,Sony,"Racing / Driving, Simulation",1,0,17.95,74,1,0,0,Racing|Simulation|FirstPerson|ThirdPerson,E
PlayStation 3,NHL 10,0.4,2009,EA,Sports,1,0,44.95,88,7,1,1,Sports|Hockey|FirstPerson|ThirdPerson,Unknown
Nintendo Wii,Guitar Hero: Metallica,0.4,2009,Activision,"Action, Simulation",1,0,24.95,85,1,0,1,Action|Simulation|ThirdPerson,T
X360,X-Men Origins: Wolverine (Uncaged Edition),0.4,2009,Activision,Action,1,0,22.95,75,1,0,1,Action|Fighting|FirstPerson|ThirdPerson,T
Nintendo Wii,MadWorld,0.39,2009,Sega,Action,0,0,12.95,81,2,0,0,Action|Comics|Gameshow|ThirdPerson,M
PlayStation 3,The Lord of the Rings: Conquest,0.38,2009,EA,Action,1,0,17.95,54,1,0,1,Action|MedievalFantasy|RealTime|ThirdPerson,Unknown
Nintendo Wii,DJ Hero,0.38,2009,Activision,Simulation,0,0,49.95,87,1,0,1,Simulation|RealTime|RhythmAction|ThirdPerson,T
Nintendo Wii,LEGO Rock Band,0.37,2009,Warner Bros. Interactive Entertainment Inc.,"Action, Simulation",1,0,26.95,70,4,0,1,Action|Simulation|RhythmAction|ThirdPerson,Unknown
Nintendo Wii,Star Wars: The Clone Wars - Republic Heroes,0.37,2009,LucasArts,"Action, Adventure",1,0,16.95,48,2,0,1,Action|Adventure|SciFi|Shooter|ThirdPerson,T
Sony PSP,Assassin's Creed: Bloodlines,0.37,2009,Ubisoft,Action,1,0,22.95,63,1,0,0,Action|Puzzle|Stealth|ThirdPerson,M
PlayStation 3,Bayonetta,0.37,2009,Sega,Action,0,0,39.95,87,1,0,1,Action|ThirdPerson,M
X360,The Lord of the Rings: Conquest,0.36,2009,EA,Action,1,0,17.95,55,4,1,1,Action|MedievalFantasy|RealTime|ThirdPerson,Unknown
PlayStation 3,BlazBlue: Calamity Trigger ,0.36,2009,Aksys Games,Action,0,0,23.95,87,2,1,0,Action|Anime|Fighting|MartialArts|SideScrolling|ThirdPerson,T
PlayStation 3,LEGO Indiana Jones 2: The Adventure Continues ,0.36,2009,"LucasArts, TT Games Publishing Ltd","Action, Adventure",1,0,17.95,70,2,0,0,Action|Adventure|Puzzle|Platform|ThirdPerson,Unknown
Nintendo Wii,Resident Evil: The Darkside Chronicles,0.36,2009,Capcom,Action,1,0,29.95,75,2,0,0,Action|InteractiveMovie|Shooter|SurvivalHorror|FirstPerson,M
Nintendo Wii,Boom Blox Bash Party,0.34,2009,EA,"Action, Strategy",1,0,24.95,86,4,0,0,Action|Strategy|Puzzle|ThirdPerson,E
Nintendo Wii,Indiana Jones and the Staff of Kings,0.33,2009,LucasArts,Action,0,0,17.95,55,4,0,1,Action|Fighting|Flight|Puzzle|ThirdPerson,T
PlayStation 3,DJ Hero,0.33,2009,Activision,Simulation,0,0,44.95,86,2,0,1,Simulation|RealTime|RhythmAction|ThirdPerson,T
PlayStation 3,Call of Juarez: Bound in Blood,0.33,2009,Ubisoft,Action,1,0,17.95,78,1,1,1,Action|Shooter|FirstPerson,M
Nintendo Wii,NHL 2K10,0.33,2009,2K,Sports,1,0,29.95,79,1,0,1,Sports|Hockey|ThirdPerson,Unknown
Nintendo Wii,We Ski & Snowboard,0.33,2009,Namco,"Action, Sports",1,0,24.95,66,1,0,0,Action|Sports|Snowboarding|Tricks|ThirdPerson,Unknown
X360,F.E.A.R. 2: Project Origin,0.33,2009,"CyberFront Corporation, Warner Bros. Interactive Entertainment Inc.",Action,1,0,16.95,77,1,1,1,Action|Battlemech|Horror|Shooter|FirstPerson,M
X360,LEGO Rock Band,0.32,2009,Warner Bros. Interactive Entertainment Inc.,"Action, Simulation",1,0,24.95,71,4,0,1,Action|Simulation|RhythmAction|ThirdPerson,Unknown
PlayStation 3,Ghostbusters: The Video Game,0.32,2009,Atari,Action,0,0,17.95,78,1,1,1,Action|SciFi|Shooter|ThirdPerson,Unknown
X360,DiRT 2,0.32,2009,Codemasters Software Inc.,"Racing / Driving, Simulation, Sports",1,0,32.95,87,1,1,1,Racing|Simulation|Sports|OffRoad|FirstPerson|ThirdPerson,E
PlayStation 3,X-Men Origins: Wolverine (Uncaged Edition),0.31,2009,Activision,Action,0,0,29.95,73,1,0,0,Action|Fighting|FirstPerson|ThirdPerson,M
PlayStation 3,Red Faction: Guerrilla,0.3,2009,THQ,"Action, Racing / Driving",1,0,17.95,85,1,1,1,Action|Racing|Fighting|SciFi|Shooter|ThirdPerson,Unknown
PlayStation 3,Pro Evolution Soccer 2010,0.29,2009,Konami,Sports,1,0,27.95,78,7,1,0,Sports|Soccer|ThirdPerson,E
PlayStation 3,James Cameron's Avatar: The Game,0.29,2009,Ubisoft,"Action, Adventure, Strategy",0,0,24.95,60,1,1,1,Action|Adventure|Strategy|Helicoptor|SciFi|Shooter|TurnBased|ThirdPerson,T
X360,Call of Juarez: Bound in Blood,0.29,2009,Ubisoft,Action,1,0,17.95,77,1,1,1,Action|Shooter|FirstPerson,M
X360,Transformers: Revenge of the Fallen,0.29,2009,Activision,Action,1,0,19.95,61,1,1,1,Action|Arcade|Flight|Helicoptor|SciFi|Shooter|Tank|ThirdPerson,T
Nintendo Wii,Guitar Hero Smash Hits,0.28,2009,Activision,"Action, Simulation",1,0,24.95,74,4,1,1,Action|Simulation|RhythmAction|ThirdPerson,T
X360,Band Hero,0.28,2009,Activision,"Action, Simulation",1,0,27.95,76,4,1,1,Action|Simulation|RhythmAction|ThirdPerson,T
Nintendo Wii,Dead Space: Extraction,0.28,2009,EA,Action,1,0,24.95,82,2,0,0,Action|Horror|SciFi|Shooter|FirstPerson,M
PlayStation 3,IL-2 Sturmovik: Birds of Prey,0.28,2009,505 Games S.R.L.,"Action, Simulation",1,0,24.95,81,1,1,1,Action|Simulation|Fighting|Flight|HistoricalBattle|ThirdPerson,T
PlayStation 3,White Knight Chronicles (EX Edition),0.28,2009,Sony,Role-Playing (RPG),0,0,39.95,64,1,0,0,RPG|MedievalFantasy|RealTime|TurnBased|ThirdPerson,T
Nintendo Wii,The Conduit,0.28,2009,Sega,Action,0,0,22.95,69,1,0,0,Action|SciFi|FirstPerson,T
Nintendo Wii,Harry Potter and the Half-Blood Prince,0.28,2009,EA,Action,1,0,24.95,60,1,0,1,Action|MedievalFantasy|Puzzle|ThirdPerson,Unknown
Nintendo Wii,Spore Hero,0.28,2009,EA,"Action, Role-Playing (RPG), Simulation",1,0,19.95,61,1,0,0,Action|RPG|Simulation|Fighting|MedievalFantasy|RhythmAction|ThirdPerson,Unknown
PlayStation 3,Guitar Hero: Metallica,0.27,2009,Activision,"Action, Simulation",1,0,29.95,86,4,1,1,Action|Simulation|ThirdPerson,T
PlayStation 3,DiRT 2,0.27,2009,Codemasters Software Inc.,"Racing / Driving, Simulation, Sports",1,0,34.95,87,1,1,1,Racing|Simulation|Sports|OffRoad|FirstPerson|ThirdPerson,E
X360,Sacred 2: Fallen Angel,0.26,2009,"CDV Software Entertainment USA, Inc.","Action, Role-Playing (RPG)",1,0,27.95,71,2,1,1,Action|RPG|MedievalFantasy|Isometric|ThirdPerson,M
Sony PSP,Grand Theft Auto: Chinatown Wars ,0.25,2009,Rockstar,"Action, Racing / Driving",1,0,24.95,90,1,1,1,Action|Racing|Shooter|TopDown|ThirdPerson,M
Sony PSP,Resistance: Retribution,0.25,2009,Sony,Action,1,0,17.95,81,1,1,0,Action|SciFi|Shooter|ThirdPerson,M
Nintendo Wii,Major League Baseball 2K9,0.25,2009,2K,Sports,1,0,19.95,61,1,0,1,Sports|Baseball|ThirdPerson,E
Nintendo Wii,Marvel Ultimate Alliance 2,0.24,2009,Activision,"Action, Role-Playing (RPG)",1,0,27.95,50,4,0,1,Action|RPG|Comics|Fighting|SciFi|ThirdPerson,T
Sony PSP,MLB 09: The Show,0.24,2009,Sony,Sports,1,0,17.95,78,1,0,0,Sports|Baseball|FirstPerson|ThirdPerson,E
PlayStation 3,Band Hero,0.24,2009,Activision,"Action, Simulation",1,0,32.95,76,1,0,1,Action|Simulation|RhythmAction|ThirdPerson,T
X360,The Saboteur,0.24,2009,EA,"Action, Racing / Driving",0,0,17.95,73,1,0,1,Action|Racing|Adult|Fighting|HistoricalBattle|Shooter|Stealth|FirstPerson|ThirdPerson,M
X360,Wheelman,0.24,2009,Midway,"Action, Racing / Driving",0,0,19.95,64,1,0,1,Action|Racing|ThirdPerson,T
Nintendo DS,Bookworm Deluxe,0.23,2009,"PopCap Games, Inc.",Strategy,0,0,17.95,73,1,0,0,Strategy|Puzzle|ThirdPerson,Unknown
PlayStation 3,Operation Flashpoint: Dragon Rising,0.23,2009,"Codemasters Software Company Limited, The","Action, Simulation, Strategy",1,0,29.95,76,1,0,0,Action|Simulation|Strategy|Flight|Helicoptor|Shooter|Tank|FirstPerson|ThirdPerson,M
X360,Wolfenstein,0.23,2009,Activision,Action,0,1,22.95,72,1,1,1,Action|Shooter|FirstPerson,M
Nintendo DS,Final Fantasy: Crystal Chronicles - Ring of Fates,0.22,2009,SquareEnix,"Action, Role-Playing (RPG)",1,0,19.95,77,1,0,0,Action|RPG|MedievalFantasy|Puzzle|ThirdPerson,Unknown
Nintendo DS,Monsters vs. Aliens,0.22,2009,Activision,"Action, Adventure",0,0,17.95,47,1,0,1,Action|Adventure|Puzzle|SciFi|Isometric|SideScrolling|ThirdPerson,E
PlayStation 3,WET,0.22,2009,Bethesda Softworks LLC,Action,0,0,24.95,70,1,0,1,Action|Shooter|ThirdPerson,M
Nintendo Wii,Ben 10 Alien Force: Vilgax Attacks,0.22,2009,"D3Publisher of America, Inc.","Action, Adventure",1,0,24.95,70,1,0,1,Action|Adventure|ThirdPerson,Unknown
X360,WET,0.22,2009,Bethesda Softworks LLC,Action,0,0,27.95,69,1,0,1,Action|Shooter|ThirdPerson,M
PlayStation 3,Tom Clancy's H.A.W.X,0.21,2009,Ubisoft,Action,0,0,24.95,74,1,1,0,Action|Flight|FirstPerson|ThirdPerson,T
Nintendo Wii,Silent Hill: Shattered Memories,0.21,2009,Konami,Adventure,1,0,39.95,79,1,0,1,Adventure|Horror|Puzzle|ThirdPerson,M
Nintendo Wii,Transformers: Revenge of the Fallen,0.21,2009,Activision,"Action, Adventure",1,0,19.95,53,1,0,1,Action|Adventure|Arcade|Flight|Helicoptor|SciFi|Shooter|Tank|ThirdPerson,T
Nintendo Wii,Up,0.2,2009,THQ,Action,0,0,16.95,62,4,0,1,Action|ThirdPerson,E
PlayStation 3,Sacred 2: Fallen Angel,0.2,2009,"CDV Software Entertainment USA, Inc., Deep Silver","Action, Role-Playing (RPG)",1,0,24.95,70,2,1,1,Action|RPG|MedievalFantasy|Isometric|ThirdPerson,M
X360,BlazBlue: Calamity Trigger (Limited Edition),0.2,2009,Aksys Games,Action,0,0,32.95,86,2,1,1,Action|Anime|Fighting|MartialArts|SideScrolling|ThirdPerson,T
Nintendo DS,Harry Potter and the Half-Blood Prince,0.2,2009,EA,Action,1,0,17.95,48,1,0,0,Action|MedievalFantasy|Puzzle|ThirdPerson,E
Nintendo DS,Picross 3D,0.2,2009,Nintendo,Strategy,1,0,16.95,83,1,0,0,Strategy|Puzzle,E
X360,Guitar Hero Smash Hits,0.19,2009,Activision,"Action, Simulation",1,0,19.95,71,4,1,1,Action|Simulation|RhythmAction|ThirdPerson,T
PlayStation 3,Pinball Hall of Fame: The Williams Collection,0.19,2009,"Crave Entertainment, Inc.",Simulation,0,0,17.95,82,1,0,0,Simulation|Pinball|FirstPerson|TopDown,Unknown
PlayStation 3,Transformers: Revenge of the Fallen,0.19,2009,Activision,Action,1,0,19.95,63,1,1,1,Action|Arcade|Flight|Helicoptor|SciFi|Shooter|Tank|ThirdPerson,T
PlayStation 3,Wolfenstein,0.19,2009,Activision,Action,0,1,24.95,71,1,1,1,Action|Shooter|FirstPerson,M
Nintendo Wii,Shaun White Snowboarding: World Stage,0.19,2009,Ubisoft,Sports,1,0,19.95,72,1,0,0,Sports|Snowboarding|ThirdPerson,Unknown
Nintendo DS,Ghostbusters: The Video Game,0.18,2009,Atari,"Action, Strategy",0,0,17.95,55,1,0,1,Action|Strategy|SciFi|Shooter|TopDown,Unknown
PlayStation 3,F.E.A.R. 2: Project Origin,0.18,2009,"CyberFront Corporation, Warner Bros. Interactive Entertainment Inc.",Action,1,0,17.95,79,1,1,1,Action|Battlemech|Horror|Shooter|FirstPerson,M
Nintendo Wii,Final Fantasy: Crystal Chronicles - The Crystal...,0.18,2009,SquareEnix,"Action, Role-Playing (RPG)",1,0,29.95,66,1,0,0,Action|RPG|Anime|MedievalFantasy|TopDown|ThirdPerson,T
Nintendo DS,Ace Attorney Investigations: Miles Edgeworth,0.17,2009,Capcom,"Adventure, Simulation",1,0,24.95,78,1,0,0,Adventure|Simulation|Anime|Detective|Puzzle|SideScrolling|ThirdPerson,Unknown
Nintendo Wii,Mini Ninjas,0.17,2009,Eidos,Action,0,0,17.95,79,1,0,1,Action|MedievalFantasy|ThirdPerson,Unknown
X360,IL-2 Sturmovik: Birds of Prey,0.17,2009,505 Games S.R.L.,"Action, Simulation",1,0,24.95,80,1,1,1,Action|Simulation|Fighting|Flight|HistoricalBattle|ThirdPerson,T
X360,Wanted: Weapons of Fate,0.17,2009,"Spike Co., Ltd., Warner Bros. Interactive Entertainment Inc.",Action,0,0,12.95,62,1,0,1,Action|Shooter|ThirdPerson,Unknown
PlayStation 3,Guitar Hero Smash Hits,0.16,2009,Activision,"Action, Simulation",1,0,22.95,73,4,1,1,Action|Simulation|RhythmAction|ThirdPerson,T
PlayStation 3,LEGO Rock Band,0.16,2009,Warner Bros. Interactive Entertainment Inc.,"Action, Simulation",1,0,22.95,75,4,0,1,Action|Simulation|RhythmAction|ThirdPerson,Unknown
PlayStation 3,Katamari Forever,0.16,2009,Namco,Action,1,0,39.95,74,2,0,0,Action|Anime|ThirdPerson,E
Nintendo Wii,G.I. Joe: The Rise of Cobra,0.16,2009,EA,Action,0,0,17.95,51,2,0,1,Action|Arcade|SciFi|Shooter|ThirdPerson,T
Sony PSP,Phantasy Star Portable,0.16,2009,Sega,"Action, Role-Playing (RPG)",0,1,27.95,64,1,0,0,Action|RPG|SciFi|ThirdPerson,Unknown
PlayStation 3,Major League Baseball 2K9,0.16,2009,2K,Sports,1,0,14.95,61,1,0,1,Sports|Baseball|ThirdPerson,E
Nintendo Wii,A Boy and his Blob,0.16,2009,Majesco Europe Ltd.,Action,0,1,24.95,80,1,0,0,Action|Puzzle|Platform|SideScrolling|ThirdPerson,E
Nintendo Wii,Night at the Museum: Battle of the Smithsonian,0.16,2009,Majesco Entertainment Company,"Action, Adventure",0,0,22.95,54,1,0,1,Action|Adventure|Puzzle|ThirdPerson,Unknown
X360,Battlestations: Pacific,0.16,2009,Eidos,Action,1,0,24.95,76,1,1,0,Action|Flight|HistoricalBattle|Naval|Shooter|FirstPerson|ThirdPerson,Unknown
X360,Up,0.15,2009,THQ,Action,0,0,19.95,61,4,0,1,Action|ThirdPerson,E
X360,Overlord II,0.15,2009,"Codemasters Software Company Limited, The","Action, Strategy",1,0,19.95,75,2,1,1,Action|Strategy|MedievalFantasy|ThirdPerson,T
X360,Star Wars: The Clone Wars - Republic Heroes,0.15,2009,LucasArts,"Action, Adventure",0,0,16.95,43,2,0,1,Action|Adventure|SciFi|Shooter|ThirdPerson,T
Sony PSP,Jak & Daxter: The Lost Frontier,0.15,2009,Sony,"Action, Adventure",1,0,17.95,71,1,0,1,Action|Adventure,T
X360,Afro Samurai,0.15,2009,Surge,Action,0,0,16.95,65,1,0,1,Action|Anime|ThirdPerson,M
X360,The Chronicles of Riddick: Assault on Dark Athena,0.15,2009,Atari,Action,1,0,16.95,82,1,1,0,Action|Fighting|SciFi|Shooter|FirstPerson,M
X360,Divinity II: Ego Draconis,0.15,2009,dtp entertainment AG,"Action, Role-Playing (RPG)",1,0,34.95,62,1,0,0,Action|RPG|MedievalFantasy|ThirdPerson,M
X360,Harry Potter and the Half-Blood Prince,0.15,2009,EA,Action,1,0,19.95,64,1,0,1,Action|MedievalFantasy|Puzzle|ThirdPerson,Unknown
X360,Section 8,0.15,2009,SouthPeak Interactive Corporation,Action,0,0,19.95,69,1,1,0,Action|SciFi|Shooter|Tank|FirstPerson|ThirdPerson,M
X360,Tropico 3,0.15,2009,Kalypso Media GmbH,Strategy,1,0,34.95,75,1,0,0,Strategy|Managerial|RealTime|TopDown|ThirdPerson,T
PlayStation 3,Star Wars: The Clone Wars - Republic Heroes,0.14,2009,LucasArts,"Action, Adventure",1,0,16.95,43,2,0,1,Action|Adventure|SciFi|Shooter|ThirdPerson,T
X360,G.I. Joe: The Rise of Cobra,0.14,2009,EA,Action,0,0,17.95,42,2,0,1,Action|Arcade|SciFi|Shooter|ThirdPerson,T
Nintendo DS,Marvel Ultimate Alliance 2,0.14,2009,Activision,"Action, Role-Playing (RPG)",1,0,19.95,65,1,0,1,Action|RPG|Comics|Fighting|SciFi|ThirdPerson,Unknown
PlayStation 3,Wanted: Weapons of Fate,0.14,2009,"Spike Co., Ltd., Warner Bros. Interactive Entertainment Inc.",Action,0,0,16.95,61,1,0,1,Action|Shooter|ThirdPerson,Unknown
Nintendo Wii,SimAnimals,0.14,2009,EA,Simulation,1,0,17.95,58,1,0,0,Simulation|Managerial|Science|TopDown,E
Nintendo DS,The Wizard of Oz: Beyond the Yellow Brick Road,0.13,2009,XSEED Games,Role-Playing (RPG),0,0,23.95,68,1,0,0,RPG|Anime|MedievalFantasy|ThirdPerson,E
Nintendo DS,X-Men Origins: Wolverine,0.13,2009,Activision,Action,1,0,17.95,55,1,0,1,Action|Comics|Fighting|ThirdPerson,Unknown
PlayStation 3,Buzz!: Quiz World,0.13,2009,Sony,Simulation,1,0,49.95,80,1,0,0,Simulation|Gameshow|ThirdPerson,T
PlayStation 3,Saw,0.13,2009,Konami,Action,1,0,29.95,59,1,0,1,Action|Detective|Puzzle|SurvivalHorror|ThirdPerson,M
Nintendo Wii,Dead Rising: Chop Till You Drop,0.13,2009,Capcom,Action,0,1,22.95,61,1,0,0,Action|Shooter|SurvivalHorror|ThirdPerson,M
X360,Leisure Suit Larry: Box Office Bust,0.13,2009,Funsta,"Action, Adventure",1,0,14.95,25,1,0,0,Action|Adventure|ThirdPerson,M
X360,Saw,0.13,2009,Konami,Action,0,0,29.95,59,1,0,1,Action|Detective|Puzzle|SurvivalHorror|ThirdPerson,M
PlayStation 3,Terminator: Salvation,0.12,2009,"Equity Games Productions AG, Evolved Games, Taito Corporation",Action,0,0,17.95,43,2,0,1,Action|PostApocalyptic|SciFi|Shooter|ThirdPerson,T
Nintendo DS,Shin Megami Tensei: Devil Survivor,0.12,2009,"Atlus Co., Ltd., Atlus U.S.A., Inc.","Role-Playing (RPG), Strategy",0,0,23.95,84,1,0,0,RPG|Strategy|FirstPerson|Isometric|ThirdPerson,T
PlayStation 3,Afro Samurai,0.12,2009,Surge,Action,0,0,17.95,65,1,0,1,Action|Anime|ThirdPerson,M
PlayStation 3,Bionic Commando,0.12,2009,Capcom,Action,1,0,13.95,71,1,1,0,Action|Shooter|ThirdPerson,M
PlayStation 3,Disney/Pixar Cars: Race-O-Rama,0.12,2009,THQ,Racing / Driving,1,0,32.95,61,1,0,1,Racing|FirstPerson|ThirdPerson,E
PlayStation 3,Harry Potter and the Half-Blood Prince,0.12,2009,EA,Action,1,0,19.95,66,1,0,1,Action|MedievalFantasy|Puzzle|ThirdPerson,Unknown
PlayStation 3,Wheelman,0.12,2009,Midway,"Action, Racing / Driving",0,0,22.95,66,1,0,1,Action|Racing|ThirdPerson,T
Nintendo Wii,Little King's Story,0.12,2009,Rising Star Games Ltd.,Strategy,0,0,24.95,87,1,0,0,Strategy|MedievalFantasy|Puzzle|ThirdPerson,Unknown
X360,Bionic Commando,0.12,2009,Capcom,Action,1,0,12.95,70,1,1,0,Action|Shooter|ThirdPerson,Unknown
X360,NHL 2K10 ,0.12,2009,2K,Sports,1,0,24.95,69,1,0,1,Sports,Unknown
PlayStation 3,NHL 2K10,0.11,2009,2K,Sports,1,0,24.95,66,7,1,1,Sports|Hockey|ThirdPerson,Unknown
X360,Fairytale Fights,0.11,2009,"Playlogic Entertainment, Inc.",Action,0,0,16.95,51,4,1,1,Action|Fighting|Platform|ThirdPerson,M
X360,Trivial Pursuit,0.11,2009,EA,Strategy,0,0,17.95,66,4,0,0,Strategy|Boardgame|TopDown,Unknown
PlayStation 3,G.I. Joe: The Rise of Cobra,0.11,2009,EA,Action,0,0,19.95,43,2,0,1,Action|Arcade|SciFi|Shooter|ThirdPerson,T
Nintendo Wii,Monsters vs. Aliens,0.11,2009,Activision,Action,0,0,19.95,69,2,0,1,Action|Puzzle|SciFi|Platform|ThirdPerson,Unknown
X360,Blood Bowl,0.11,2009,Focus Home Interactive,"Sports, Strategy",0,0,39.95,61,2,1,0,Sports|Strategy|Fighting|Managerial|MedievalFantasy|RealTime|TurnBased|AmericanFootball|TopDown|ThirdPerson,T
X360,Disney/Pixar Cars: Race-O-Rama,0.11,2009,THQ,Racing / Driving,1,0,24.95,54,2,0,1,Racing|FirstPerson|ThirdPerson,E
Nintendo DS,Dragon Ball Z: Attack of the Saiyans,0.11,2009,Namco,Role-Playing (RPG),1,0,17.95,73,1,0,0,RPG|Anime|TurnBased|SideScrolling|TopDown|ThirdPerson,Unknown
Nintendo DS,Might & Magic: Clash of Heroes,0.11,2009,Ubisoft,"Role-Playing (RPG), Strategy",1,0,24.95,86,1,0,0,RPG|Strategy|MedievalFantasy|TurnBased|Isometric,Unknown
Nintendo Wii,Dawn of Discovery,0.11,2009,Ubisoft,"Simulation, Strategy",0,0,17.95,81,1,0,1,Simulation|Strategy|MedievalFantasy|Isometric|ThirdPerson,Unknown
Nintendo Wii,Final Fantasy: Crystal Chronicles - Echoes of Time,0.11,2009,SquareEnix,"Action, Role-Playing (RPG)",1,0,24.95,64,1,0,1,Action|RPG|MedievalFantasy|PersistentUniverse|Isometric|TopDown|ThirdPerson,Unknown
Nintendo Wii,Phantom Brave,0.11,2009,Nippon Ichi Software Inc.,"Role-Playing (RPG), Strategy",0,0,29.95,76,1,0,0,RPG|Strategy|Anime|TurnBased|ThirdPerson,T
X360,Terminator: Salvation,0.11,2009,"Equity Games Productions AG, Evolved Games",Action,0,0,14.95,48,1,0,1,Action|PostApocalyptic|SciFi|Shooter|ThirdPerson,T
X360,Velvet Assassin,0.11,2009,SouthPeak Interactive Corporation,Action,0,0,19.95,56,1,0,0,Action|Shooter|Spy|Stealth|ThirdPerson,Unknown
PlayStation 3,Up,0.1,2009,THQ,Action,0,0,24.95,65,4,0,1,Action|ThirdPerson,E
X360,Pro Evolution Soccer 2010,0.1,2009,Konami,Sports,1,0,27.95,78,4,1,1,Sports|Soccer|ThirdPerson,Unknown
PlayStation 3,The King of Fighters XII,0.1,2009,Ignition Entertainment Ltd. USA,Action,1,0,29.95,57,2,1,1,Action|Anime|Fighting|MartialArts|ThirdPerson,T
PlayStation 3,Monsters vs. Aliens,0.1,2009,Activision,Action,0,0,19.95,66,2,0,1,Action|Puzzle|SciFi|Platform|ThirdPerson,Unknown
PlayStation 3,Overlord II,0.1,2009,"Codemasters Software Company Limited, The","Action, Strategy",1,0,19.95,72,2,1,1,Action|Strategy|MedievalFantasy|ThirdPerson,T
Nintendo DS,Peggle: Dual Shot,0.1,2009,"PopCap Games, Inc.",Strategy,0,0,17.95,84,1,0,0,Strategy|ThirdPerson,Unknown
Nintendo DS,Puzzle Quest: Galactrix,0.1,2009,D3Publisher of Europe Ltd.,"Role-Playing (RPG), Strategy",1,0,14.95,75,1,0,0,RPG|Strategy|Puzzle|SciFi|ThirdPerson,Unknown
Nintendo DS,WarioWare D.I.Y.,0.1,2009,Nintendo,"Action, Racing / Driving, Sports",1,0,32.95,83,1,0,0,Action|Racing|Sports|Anime|Arcade|Fighting|MartialArts|Shooter|Basketball|Baseball|Boxing|Bowling|Golf|Olympiad|PingPong|Snowboarding|Soccer|Volleyball|ThirdPerson,E
PlayStation 3,The Chronicles of Riddick: Assault on Dark Athena,0.1,2009,Atari,Action,1,0,17.95,80,1,1,0,Action|Fighting|SciFi|Shooter|FirstPerson,M
PlayStation 3,Heroes Over Europe,0.1,2009,Ubisoft,"Action, Simulation",0,0,24.95,62,1,0,1,Action|Simulation|Arcade|Flight|Shooter|ThirdPerson,T
PlayStation 3,Mini Ninjas,0.1,2009,Eidos,Action,0,0,24.95,73,1,0,1,Action|MedievalFantasy|ThirdPerson,Unknown
PlayStation 3,Rogue Warrior,0.1,2009,ZeniMax Europe Ltd.,Action,0,0,22.95,27,1,0,1,Action|Shooter|Stealth|FirstPerson|ThirdPerson,M
PlayStation 3,Stormrise,0.1,2009,Sega,Strategy,0,0,14.95,51,1,0,1,Strategy|RealTime|SciFi|ThirdPerson,Unknown
Nintendo Wii,Ice Age: Dawn of the Dinosaurs,0.1,2009,Activision,Action,1,0,24.95,73,1,0,1,Action|Platform|ThirdPerson,Unknown
Nintendo Wii,Virtua Tennis 2009,0.1,2009,Sega,Sports,1,0,24.95,73,1,0,1,Sports|Tennis|ThirdPerson,E
X360,50 Cent: Blood on the Sand,0.1,2009,THQ,Action,1,0,19.95,71,1,1,1,Action|Shooter|ThirdPerson,M
X360,Eat Lead: The Return of Matt Hazard,0.1,2009,"D3Publisher of America, Inc., D3Publisher of Europe Ltd.",Action,0,0,14.95,53,1,0,0,Action|Shooter|ThirdPerson,Unknown
X360,Virtua Tennis 2009,0.09,2009,Sega,Sports,1,0,17.95,70,4,1,1,Sports|Tennis|ThirdPerson,E
Nintendo DS,Puzzle Kingdoms,0.09,2009,"Zoo Publishing, Inc.","Role-Playing (RPG), Strategy",0,0,13.95,64,1,0,1,RPG|Strategy|MedievalFantasy|Puzzle|TurnBased|TopDown,T
Sony PSP,Indiana Jones and the Staff of Kings,0.09,2009,LucasArts,Action,0,0,17.95,63,1,0,1,Action|Fighting|Flight|Puzzle|ThirdPerson,T
PlayStation 3,Eat Lead: The Return of Matt Hazard,0.09,2009,"D3Publisher of America, Inc.",Action,0,0,17.95,51,1,0,0,Action|Shooter|ThirdPerson,Unknown
PlayStation 3,Fairytale Fights,0.09,2009,"Playlogic Entertainment, Inc.",Action,0,0,17.95,53,1,0,1,Action|Fighting|Platform|ThirdPerson,M
Nintendo Wii,Overlord: Dark Legend,0.09,2009,"Codemasters Software Company Limited, The",Strategy,1,0,17.95,68,1,0,0,Strategy|MedievalFantasy|Puzzle|ThirdPerson,T
Nintendo Wii,Puzzle Kingdoms,0.09,2009,"Zoo Publishing, Inc.","Role-Playing (RPG), Strategy",0,0,12.95,63,1,0,1,RPG|Strategy|MedievalFantasy|Puzzle|TurnBased|TopDown,T
X360,Ben 10 Alien Force: Vilgax Attacks,0.09,2009,"D3Publisher of America, Inc.","Action, Adventure",1,0,27.95,61,1,0,1,Action|Adventure|ThirdPerson,Unknown
X360,CSI: Crime Scene Investigation - Deadly Intent,0.09,2009,Ubisoft,Adventure,1,0,24.95,51,1,0,0,Adventure|Detective|Puzzle|FirstPerson,M
X360,Hannah Montana: The Movie,0.09,2009,Disney,Simulation,0,0,16.95,25,1,0,0,Simulation|Puzzle|RhythmAction|ThirdPerson,E
X360,Jurassic: The Hunted,0.09,2009,Activision,Action,0,0,24.95,60,1,0,0,Action|Shooter|FirstPerson,T
X360,Mini Ninjas,0.09,2009,Eidos,Action,0,0,24.95,73,1,0,1,Action|MedievalFantasy|ThirdPerson,Unknown
X360,Ninja Blade,0.09,2009,Microsoft,Action,0,0,19.95,68,1,0,0,Action|Fighting|Horror|ThirdPerson,M
PlayStation 3,Virtua Tennis 2009,0.08,2009,Sega,Sports,1,0,24.95,70,4,1,1,Sports|Tennis|ThirdPerson,E
Nintendo Wii,Guitar Hero: Van Halen,0.08,2009,Activision,"Action, Simulation",1,0,34.95,50,4,0,1,Action|Simulation|Arcade|RhythmAction|Isometric|TopDown,T
PlayStation 3,Watchmen: The End is Nigh - The Complete Experi...,0.08,2009,Warner Bros. Interactive Entertainment Inc.,Action,0,0,17.95,59,2,0,0,Action|Adult|Cyberpunk|Fighting|ThirdPerson,M
Nintendo Wii,Broken Sword: Shadow of the Templars - The Dire...,0.08,2009,Ubisoft,Adventure,0,1,19.95,74,2,0,1,Adventure|Puzzle|ThirdPerson,Unknown
Nintendo DS,The Lord of the Rings: Conquest,0.08,2009,EA,Action,1,0,17.95,61,1,0,0,Action|MedievalFantasy|RealTime|TopDown|ThirdPerson,T
Sony PSP,Half-Minute Hero,0.08,2009,XSEED Games,"Action, Role-Playing (RPG)",0,0,17.95,84,1,1,0,Action|RPG|MedievalFantasy|RealTime|TopDown,Unknown
PlayStation 3,50 Cent: Blood on the Sand,0.08,2009,THQ,Action,1,0,19.95,72,1,1,1,Action|Shooter|ThirdPerson,M
PlayStation 3,FUEL,0.08,2009,"Codemasters Japan, Codemasters Software Company Limited, The","Racing / Driving, Sports",0,0,16.95,67,1,1,1,Racing|Sports|PostApocalyptic|Motorcycle|OffRoad|FirstPerson|ThirdPerson,E
Nintendo Wii,Deadly Creatures,0.08,2009,THQ,"Action, Adventure",0,0,17.95,72,1,0,0,Action|Adventure|Fighting|ThirdPerson,T
X360,FUEL,0.08,2009,"Codemasters Software Company Limited, The","Racing / Driving, Sports",0,0,14.95,66,1,1,1,Racing|Sports|PostApocalyptic|Motorcycle|OffRoad|FirstPerson|ThirdPerson,E
X360,Heroes Over Europe,0.08,2009,Ubisoft,"Action, Simulation",0,0,19.95,62,1,1,1,Action|Simulation|Arcade|Flight|Shooter|ThirdPerson,T
X360,Rogue Warrior,0.08,2009,ZeniMax Europe Ltd.,Action,0,0,19.95,28,1,1,1,Action|Shooter|Stealth|FirstPerson|ThirdPerson,M
X360,X-Blades,0.08,2009,"TopWare Interactive, ZUXXEZ Entertainment AG",Action,1,0,17.95,50,1,0,1,Action|Fighting|ThirdPerson,M
X360,Guitar Hero: Van Halen,0.07,2009,Activision,"Action, Simulation",1,0,29.95,57,4,1,1,Action|Simulation|Arcade|RhythmAction|Isometric|TopDown,T
X360,Monsters vs. Aliens,0.07,2009,Activision,Action,0,0,22.95,63,2,0,1,Action|Puzzle|SciFi|Platform|ThirdPerson,Unknown
X360,Watchmen: The End is Nigh: Parts 1 and 2,0.07,2009,Warner Bros. Interactive Entertainment Inc.,Action,0,0,14.95,56,2,0,0,Action|Cyberpunk|Fighting|ThirdPerson,M
Nintendo DS,Fighting Fantasy: The Warlock of Firetop Mountain,0.07,2009,"Aspyr Media, Inc.",Role-Playing (RPG),0,0,24.95,45,1,0,0,RPG|MedievalFantasy|FirstPerson,Unknown
Nintendo DS,Overlord Minions,0.07,2009,"Codemasters Software Company Limited, The","Action, Adventure",0,0,7.95,58,1,0,0,Action|Adventure|MedievalFantasy|Puzzle|RealTime|TopDown,Unknown
PlayStation 3,Damnation,0.07,2009,"Codemasters Software Company Limited, The",Action,0,0,17.95,36,1,0,1,Action|Shooter|ThirdPerson,M
PlayStation 3,Ice Age: Dawn of the Dinosaurs,0.07,2009,Activision,Action,0,0,34.95,67,1,0,1,Action|Platform|ThirdPerson,Unknown
X360,Ice Age: Dawn of the Dinosaurs,0.07,2009,Activision,Action,0,0,29.95,68,1,0,1,Action|Platform|ThirdPerson,Unknown
X360,Night at the Museum: Battle of the Smithsonian,0.07,2009,Majesco Entertainment Company,"Action, Adventure",1,0,19.95,50,1,0,1,Action|Adventure|Puzzle|ThirdPerson,Unknown
X360,Raven Squad: Operation Hidden Dagger,0.07,2009,Evolved Games,"Action, Strategy",0,0,17.95,38,1,0,0,Action|Strategy,T
X360,Stormrise,0.07,2009,Sega,Strategy,0,0,14.95,48,1,1,1,Strategy|RealTime|SciFi|ThirdPerson,Unknown
PlayStation 3,SingStar Queen,0.06,2009,Sony,Action,1,0,19.95,74,8,0,1,Action|Boardgame|RhythmAction,T
PlayStation 3,Guitar Hero: Van Halen,0.06,2009,Activision,"Action, Simulation",1,0,29.95,59,4,1,1,Action|Simulation|Arcade|RhythmAction|Isometric|TopDown,T
PlayStation 3,Planet 51: The Game,0.06,2009,Sega,"Action, Racing / Driving",0,0,22.95,50,2,0,1,Action|Racing|ThirdPerson,Unknown
X360,Damnation,0.06,2009,"Codemasters Software Company Limited, The",Action,0,0,19.95,36,2,1,1,Action|Shooter|ThirdPerson,M
X360,The King of Fighters XII,0.06,2009,Ignition Entertainment Ltd. USA,Action,1,0,24.95,63,2,1,1,Action|Anime|Fighting|MartialArts|ThirdPerson,T
Nintendo DS,Broken Sword: Shadow of the Templars - The Dire...,0.06,2009,Ubisoft,Adventure,0,1,17.95,78,1,0,1,Adventure|Puzzle|ThirdPerson,Unknown
Nintendo DS,Henry Hatsworth in the Puzzling Adventure,0.06,2009,EA,"Action, Strategy",0,0,17.95,82,1,0,0,Action|Strategy|Puzzle|Platform|SideScrolling|ThirdPerson,E
Sony PSP,Crimson Gem Saga,0.06,2009,"Atlus U.S.A., Inc.",Role-Playing (RPG),0,0,24.95,78,1,0,0,RPG|Anime|MedievalFantasy|TurnBased|Isometric,T
Sony PSP,Prinny: Can I Really Be the Hero?,0.06,2009,Nippon Ichi Software Inc.,Action,0,0,22.95,72,1,1,0,Action|MedievalFantasy|Platform|SideScrolling,Unknown
PlayStation 3,Leisure Suit Larry: Box Office Bust,0.06,2009,Funsta,"Action, Adventure",1,0,17.95,17,1,0,0,Action|Adventure|ThirdPerson,Unknown
Nintendo Wii,Cursed Mountain,0.06,2009,Deep Silver,Action,0,0,14.95,67,1,0,0,Action|Puzzle|SurvivalHorror|ThirdPerson,M
Nintendo Wii,Rygar: The Legendary Adventure,0.06,2009,"Tecmo, Inc.","Action, Adventure",0,0,17.95,52,1,0,0,Action|Adventure|MedievalFantasy|Puzzle|Platform|SideScrolling|TopDown|ThirdPerson,Unknown
Nintendo Wii,Safecracker: The Ultimate Puzzle Adventure,0.06,2009,JoWooD Productions Software AG,"Adventure, Strategy",0,0,17.95,56,1,0,1,Adventure|Strategy|Puzzle|FirstPerson,E
X360,Planet 51: The Game,0.05,2009,Sega,"Action, Racing / Driving",0,0,19.95,53,2,0,1,Action|Racing|ThirdPerson,Unknown
Nintendo DS,Black Sigil: Blade of the Exiled,0.05,2009,"Graffiti Entertainment, LLC",Role-Playing (RPG),0,0,24.95,58,1,0,0,RPG|Anime|MedievalFantasy|TurnBased|TopDown,M
Nintendo DS,Infinite Space,0.05,2009,Sega,"Role-Playing (RPG), Strategy",0,0,29.95,75,1,0,0,RPG|Strategy|Anime|RealTime|SciFi|SideScrolling|ThirdPerson,T
Nintendo DS,Moon,0.05,2009,"Gamebridge Ltd., Mastiff, LLC, Rising Star Games Ltd.",Action,0,0,17.95,71,1,0,0,Action|SciFi|Shooter|FirstPerson,T
Nintendo DS,Safecracker: The Ultimate Puzzle Adventure,0.05,2009,The Adventure Company,"Adventure, Strategy",0,0,24.95,43,1,0,1,Adventure|Strategy|Puzzle|FirstPerson,E
Sony PSP,ObsCure: The Aftermath,0.05,2009,Playlogic International N.V.,Action,1,0,29.95,66,1,0,0,Action|SurvivalHorror|ThirdPerson,M
Sony PSP,Undead Knights,0.05,2009,"Tecmo, Inc.","Action, Adventure",0,0,29.95,63,1,0,0,Action|Adventure|Fighting|Horror|MedievalFantasy|ThirdPerson,M
PlayStation 3,MLB Front Office Manager,0.05,2009,2K,"Simulation, Sports",1,0,19.95,49,1,0,1,Simulation|Sports|Managerial|Baseball|ThirdPerson,E
PlayStation 3,Shellshock 2: Blood Trails,0.05,2009,Eidos,Action,1,0,16.95,35,1,0,1,Action|HistoricalBattle|Horror|Shooter|FirstPerson,M
PlayStation 3,X-Blades,0.05,2009,Ubisoft,Action,0,0,19.95,50,1,0,1,Action|Fighting|ThirdPerson,M
Nintendo Wii,Cate West: The Vanishing Files,0.05,2009,Destineer,Adventure,0,0,16.95,65,1,0,0,Adventure|Detective|Puzzle|ThirdPerson,Unknown
Nintendo Wii,Coraline,0.05,2009,"D3Publisher of America, Inc.",Action,0,0,12.95,42,1,0,1,Action|Puzzle|ThirdPerson,Unknown
Nintendo Wii,Grey's Anatomy: The Video Game,0.05,2009,Ubisoft,"Action, Adventure",0,0,19.95,65,1,0,0,Action|Adventure|Puzzle|FirstPerson|ThirdPerson,Unknown
Nintendo Wii,Pool Hall Pro,0.05,2009,"Playlogic Entertainment, Inc.",Sports,0,0,12.95,62,1,0,0,Sports|Pool|FirstPerson|ThirdPerson,E
Nintendo Wii,Rogue Trooper,0.05,2009,Reef Entertainment Ltd.,"Action, Strategy",1,0,27.95,70,1,0,1,Action|Strategy|Cyberpunk|Fighting|PostApocalyptic|SciFi|Shooter|Stealth|ThirdPerson,T
X360,MLB Front Office Manager,0.05,2009,2K,"Simulation, Sports",1,0,17.95,47,1,0,1,Simulation|Sports|Managerial|Baseball|ThirdPerson,E
X360,Race Pro,0.05,2009,Atari,"Racing / Driving, Sports",0,0,19.95,72,1,1,0,Racing|Sports|FirstPerson|ThirdPerson,E
X360,Shellshock 2: Blood Trails,0.05,2009,Eidos,Action,1,0,14.95,30,1,0,1,Action|HistoricalBattle|Horror|Shooter|FirstPerson,M
Nintendo Wii,Samurai Shodown Anthology,0.04,2009,"Ignition Entertainment Ltd., SNK Playmore USA Corp.",Action,0,1,24.95,74,2,0,0,Action|Fighting|MartialArts|SideScrolling|ThirdPerson,Unknown
X360,Raiden Fighters Aces,0.04,2009,Valcon Games LLC,Action,0,0,17.95,73,2,0,0,Action|Arcade|Flight|SciFi|Shooter|TopDown|ThirdPerson,Unknown
Nintendo DS,Dawn of Discovery,0.04,2009,Ubisoft,"Simulation, Strategy",0,0,17.95,82,1,0,1,Simulation|Strategy|MedievalFantasy|Isometric|ThirdPerson,E
Nintendo DS,Jake Hunter Detective Story: Memories of the Past,0.04,2009,Aksys Games,Adventure,1,0,24.95,72,1,0,0,Adventure|Detective|Puzzle|FirstPerson,T
Sony PSP,Air Conflicts: Aces of World War II,0.04,2009,"Graffiti Entertainment, LLC","Action, Simulation",1,0,24.95,36,1,1,0,Action|Simulation|Arcade|Flight|HistoricalBattle|ThirdPerson,T
Sony PSP,Mimana Iyar Chronicles,0.04,2009,GungHo Works,Role-Playing (RPG),0,0,34.95,45,1,0,0,RPG|Anime|MedievalFantasy|Isometric|SideScrolling,Unknown
Sony PSP,Shadow of Destiny,0.04,2009,Konami,Adventure,0,1,17.95,54,1,0,1,Adventure|Detective|ThirdPerson,T
X360,Risen,0.04,2009,"Deep Silver, Deep Silver, Inc.","Action, Role-Playing (RPG)",0,0,44.95,60,1,0,0,Action|RPG|MedievalFantasy|ThirdPerson,M
Nintendo DS,Jewel Quest Mysteries,0.03,2009,Activision,Adventure,0,0,17.95,68,1,0,0,Adventure|Detective|Puzzle|FirstPerson,E
Sony PSP,Dynasty Warriors: Strikeforce,0.03,2009,"KOEI Corporation, KOEI Ltd.","Action, Adventure, Role-Playing (RPG)",1,0,24.95,65,1,1,0,Action|Adventure|RPG|Fighting|HistoricalBattle|MartialArts|MedievalFantasy|PersistentUniverse|RealTime|Platform|TopDown|ThirdPerson,Unknown
Nintendo DS,PDC World Championship Darts 2009,0.02,2009,Oxygen Interactive Software Ltd.,"Simulation, Sports",1,0,11.95,45,1,0,0,Simulation|Sports|FirstPerson,Unknown
Nintendo DS,Legacy of Ys: Books I & II,0.01,2009,"Atlus U.S.A., Inc.","Action, Role-Playing (RPG)",1,0,27.95,67,1,0,0,Action|RPG|Anime|MedievalFantasy|RealTime|TopDown,T
Nintendo Wii,Super Mario Galaxy 2,3.3,2010,Nintendo,Action,1,0,39.95,98,2,0,0,Action|Puzzle|SciFi|Platform|SideScrolling|ThirdPerson,E
X360,Red Dead Redemption,2.65,2010,Rockstar,Action,1,0,49.95,95,1,1,1,Action|Cards|Fighting|Shooter|FirstPerson|ThirdPerson,M
PlayStation 3,God of War III,2.58,2010,Sony,"Action, Adventure",1,0,44.95,92,1,0,0,Action|Adventure|Adult|MedievalFantasy|Puzzle|ThirdPerson,M
X360,Battlefield: Bad Company 2,1.91,2010,EA,Action,1,0,47.95,88,1,1,1,Action|Helicoptor|Shooter|Tank|FirstPerson,T
PlayStation 3,Red Dead Redemption,1.86,2010,Rockstar,Action,1,0,49.95,95,1,1,1,Action|Cards|Fighting|Shooter|FirstPerson|ThirdPerson,M
X360,Mass Effect 2,1.72,2010,EA,"Action, Role-Playing (RPG)",1,0,32.95,96,1,0,0,Action|RPG|SciFi|Shooter|ThirdPerson,M
X360,BioShock 2,1.22,2010,2K,Action,1,0,39.95,88,1,1,1,Action|SciFi|Shooter|FirstPerson,M
PlayStation 3,Battlefield: Bad Company 2,1.13,2010,EA,Action,1,0,44.95,88,1,0,1,Action|Helicoptor|Shooter|Tank|FirstPerson,T
X360,Tom Clancy's Splinter Cell: Conviction,1.06,2010,Ubisoft,Action,1,0,44.95,85,2,1,0,Action|Shooter|Spy|Stealth|FirstPerson|ThirdPerson,M
X360,Final Fantasy XIII,1.03,2010,SquareEnix,Role-Playing (RPG),1,0,44.95,82,1,0,1,RPG|MedievalFantasy|RealTime|TurnBased|ThirdPerson,T
PlayStation 3,Heavy Rain,0.83,2010,Sony,"Action, Adventure",0,0,44.95,87,1,0,0,Action|Adventure|Adult|Detective|ThirdPerson,M
PlayStation 3,MAG,0.74,2010,Sony,Action,0,0,34.95,76,1,1,0,Action|Shooter|FirstPerson,T
PlayStation 3,MLB 10: The Show,0.65,2010,Sony,Sports,1,0,47.95,91,1,0,1,Sports|Baseball|ThirdPerson,E
PlayStation 3,BioShock 2,0.64,2010,2K,Action,1,0,37.95,88,1,1,1,Action|SciFi|Shooter|FirstPerson,M
PlayStation 3,Darksiders,0.59,2010,THQ,"Action, Adventure",0,0,32.95,82,1,0,1,Action|Adventure|PostApocalyptic|SciFi|ThirdPerson,M
X360,Alan Wake,0.59,2010,Microsoft,Action,0,0,47.95,83,1,0,0,Action|Detective|Horror|SurvivalHorror|ThirdPerson,Unknown
X360,Darksiders,0.59,2010,THQ,"Action, Adventure",0,0,32.95,83,1,0,1,Action|Adventure|PostApocalyptic|SciFi|ThirdPerson,M
PlayStation 3,Dante's Inferno (Divine Edition),0.56,2010,EA,Action,0,0,34.95,75,1,0,0,Action|Adult|MedievalFantasy|ThirdPerson,M
X360,Aliens vs Predator,0.52,2010,Sega,Action,0,1,34.95,64,1,1,1,Action|Fighting|Horror|SciFi|Shooter|Stealth|FirstPerson,M
X360,Dante's Inferno,0.49,2010,EA,Action,0,0,34.95,73,1,0,0,Action|Adult|MedievalFantasy|ThirdPerson,Unknown
X360,Army of Two: The 40th Day,0.45,2010,EA,Action,1,0,34.95,73,2,1,1,Action|Shooter|ThirdPerson,M
Nintendo Wii,Endless Ocean: Blue World,0.42,2010,Nintendo,"Adventure, Sports",1,0,24.95,76,1,1,0,Adventure|Sports|Meditative|Naval|Puzzle|FirstPerson|ThirdPerson,Unknown
Nintendo DS,Sonic Classic Collection,0.4,2010,Sega,Action,0,1,24.95,70,1,0,0,Action|Anime|Platform|SideScrolling|ThirdPerson,E
X360,Just Cause 2,0.4,2010,SquareEnix,Action,1,0,49.95,81,1,0,1,Action|Flight|Helicoptor|Shooter|Spy,Unknown
PlayStation 3,ModNation Racers,0.39,2010,Sony,"Action, Racing / Driving",0,0,49.95,82,4,1,0,Action|Racing|Arcade|ThirdPerson,Unknown
PlayStation 3,Aliens vs Predator,0.35,2010,Sega,Action,0,1,39.95,65,1,1,1,Action|Fighting|Horror|SciFi|Shooter|Stealth|FirstPerson,M
PlayStation 3,Army of Two: The 40th Day,0.33,2010,EA,Action,1,0,34.95,74,2,1,1,Action|Shooter|ThirdPerson,M
PlayStation 3,Just Cause 2,0.32,2010,SquareEnix,Action,1,0,44.95,83,1,0,1,Action|Flight|Helicoptor|Shooter|Spy|ThirdPerson,Unknown
X360,Lost Planet 2,0.31,2010,CE Europe Ltd.,Action,1,0,49.95,68,2,1,1,Action|Battlemech|Helicoptor|SciFi|Shooter|FirstPerson|ThirdPerson,T
Nintendo Wii,Sonic & SEGA All-Stars Racing,0.29,2010,Sega,Racing / Driving,0,0,32.95,78,1,0,1,Racing|ThirdPerson,E
Nintendo Wii,Tatsunoko vs. Capcom Ultimate All-Stars,0.27,2010,CE Europe Ltd.,Action,0,0,39.95,85,4,1,0,Action|Anime|Arcade|Fighting|Shooter|SideScrolling|TopDown|ThirdPerson,T
PlayStation 3,3D Dot Game Heroes,0.27,2010,"Atlus U.S.A., Inc.","Action, Adventure, Strategy",0,0,34.95,77,1,0,0,Action|Adventure|Strategy|MedievalFantasy|Puzzle|ThirdPerson,Unknown
X360,Dragon Age: Origins - Awakening,0.24,2010,EA,Role-Playing (RPG),2,0,32.95,80,1,0,0,RPG|MedievalFantasy|RealTime|ThirdPerson,M
X360,Prince of Persia: The Forgotten Sands (Limited ...,0.24,2010,Ubisoft,Action,1,0,47.95,73,1,0,1,Action|MedievalFantasy|Puzzle|ThirdPerson,Unknown
X360,Split/Second,0.22,2010,Disney,"Action, Racing / Driving",0,0,49.95,82,4,1,0,Action|Racing|FirstPerson|ThirdPerson,Unknown
PlayStation 3,Lost Planet 2,0.2,2010,CE Europe Ltd.,Action,1,0,47.95,68,1,0,1,Action|Battlemech|Helicoptor|SciFi|Shooter|FirstPerson|ThirdPerson,T
PlayStation 3,Sonic & SEGA All-Stars Racing,0.19,2010,Sega,Racing / Driving,0,0,39.95,77,8,1,1,Racing|ThirdPerson,E
PlayStation 3,Dragon Age: Origins - Awakening,0.19,2010,EA,Role-Playing (RPG),2,0,34.95,80,1,0,0,RPG|MedievalFantasy|RealTime|ThirdPerson,M
Nintendo Wii,Alice in Wonderland,0.18,2010,Disney,Action,0,0,32.95,69,2,0,0,Action|Puzzle|Platform|ThirdPerson,Unknown
PlayStation 3,Way of the Samurai 3,0.18,2010,"Gamebridge Ltd., Rising Star Games Ltd.","Action, Adventure",1,0,34.95,58,1,0,1,Action|Adventure|Fighting|MartialArts|ThirdPerson,M
X360,Metro 2033,0.18,2010,THQ,Action,0,0,39.95,77,1,0,0,Action|PostApocalyptic|Shooter|FirstPerson,Unknown
X360,Sonic & SEGA All-Stars Racing,0.18,2010,Sega,Racing / Driving,0,0,39.95,75,1,1,1,Racing|ThirdPerson,E
X360,Blur,0.17,2010,Activision,Racing / Driving,0,0,39.95,82,4,1,1,Racing|Arcade|FirstPerson|ThirdPerson,T
Nintendo Wii,How to Train Your Dragon,0.17,2010,Activision,"Action, Role-Playing (RPG)",0,0,39.95,59,1,0,1,Action|RPG|Fighting|ThirdPerson,E
Sony PSP,MLB 10: The Show,0.16,2010,Sony,Sports,1,0,32.95,79,1,0,1,Sports|Baseball|ThirdPerson,E
PlayStation 3,Prince of Persia: The Forgotten Sands (Limited ...,0.16,2010,Ubisoft,Action,1,0,44.95,75,1,0,1,Action|MedievalFantasy|Puzzle|ThirdPerson,Unknown
PlayStation 3,Dark Void,0.15,2010,Capcom,Action,0,0,22.95,59,1,0,1,Action|Flight|SciFi|Shooter|ThirdPerson,Unknown
X360,Dark Void,0.15,2010,Capcom,Action,0,0,22.95,59,1,0,1,Action|Flight|SciFi|Shooter|ThirdPerson,Unknown
X360,Record of Agarest War,0.15,2010,Aksys Games,"Role-Playing (RPG), Strategy",0,0,39.95,71,1,0,0,RPG|Strategy|Isometric,T
X360,Supreme Commander 2,0.15,2010,SquareEnix,Strategy,1,0,39.95,75,1,0,0,Strategy|RealTime|SciFi|TopDown|ThirdPerson,Unknown
PlayStation 3,Blur,0.14,2010,Activision,Racing / Driving,0,0,44.95,82,4,1,1,Racing|Arcade|FirstPerson|ThirdPerson,Unknown
PlayStation 3,Resonance of Fate,0.14,2010,Sega,Role-Playing (RPG),0,0,47.95,72,1,0,0,RPG|SciFi|ThirdPerson,T
X360,Way of the Samurai 3,0.12,2010,"Gamebridge Ltd., Rising Star Games Ltd.","Action, Adventure",1,0,29.95,55,1,0,1,Action|Adventure|Fighting|MartialArts|ThirdPerson,M
Nintendo Wii,Sin & Punishment: Star Successor,0.11,2010,Nintendo,Action,1,0,39.95,87,1,0,0,Action|SciFi|Shooter|ThirdPerson,T
Nintendo Wii,Trauma Team,0.1,2010,"Atlus U.S.A., Inc.","Action, Simulation",1,0,34.95,81,2,0,0,Action|Simulation|Anime|Puzzle|SciFi|FirstPerson,Unknown
Nintendo DS,Mega Man Zero Collection,0.1,2010,Capcom,Action,1,1,24.95,77,1,0,0,Action|Anime|Puzzle|SciFi|Platform|SideScrolling|ThirdPerson,E
PlayStation 3,NieR,0.09,2010,SquareEnix,"Action, Role-Playing (RPG)",0,0,44.95,68,1,0,1,Action|RPG|MedievalFantasy|Isometric|SideScrolling|ThirdPerson,Unknown
X360,NieR,0.09,2010,SquareEnix,"Action, Role-Playing (RPG)",0,0,47.95,67,1,0,1,Action|RPG|MedievalFantasy|Isometric|SideScrolling|ThirdPerson,Unknown
X360,Resonance of Fate,0.09,2010,Sega,Role-Playing (RPG),0,0,49.95,74,1,0,0,RPG|SciFi|ThirdPerson,Unknown
Nintendo DS,Shin Megami Tensei: Strange Journey,0.08,2010,"Atlus U.S.A., Inc.",Role-Playing (RPG),1,0,29.95,82,1,0,0,RPG|Anime|SciFi|TurnBased|FirstPerson,M
Sony PSP,Silent Hill: Shattered Memories,0.07,2010,Konami,Adventure,1,0,24.95,73,1,0,1,Adventure|Horror|Puzzle|ThirdPerson,M
PlayStation 3,Vancouver 2010,0.06,2010,Sega,Sports,0,0,32.95,56,1,0,0,Sports|Olympiad|FirstPerson|ThirdPerson,Unknown
Nintendo Wii,Data East Arcade Classics,0.06,2010,Majesco Entertainment Company,"Action, Racing / Driving, Role-Playing (RPG), Sports",0,1,16.95,56,1,0,0,Action|Racing|RPG|Sports|Arcade|Basketball|Pool|Platform|SideScrolling|ThirdPerson,T
X360,How to Train Your Dragon,0.05,2010,Activision,"Action, Role-Playing (RPG)",0,0,39.95,58,2,0,1,Action|RPG|Fighting|ThirdPerson,E
X360,Prison Break: The Conspiracy,0.05,2010,"Deep Silver, Inc.",Action,0,0,32.95,40,2,0,1,Action|Stealth|ThirdPerson,M
PlayStation 3,How to Train Your Dragon,0.05,2010,Activision,"Action, Role-Playing (RPG)",0,0,39.95,51,1,0,1,Action|RPG|Fighting|ThirdPerson,Unknown
X360,Vancouver 2010,0.05,2010,Sega,Sports,0,0,24.95,54,1,0,0,Sports|Olympiad|FirstPerson|ThirdPerson,Unknown
X360,MotoGP 09/10,0.04,2010,Capcom,Racing / Driving,1,0,39.95,69,2,1,1,Racing|FirstPerson|ThirdPerson,Unknown
PlayStation 3,MotoGP 09/10,0.04,2010,CE Europe Ltd.,Racing / Driving,1,0,39.95,70,1,0,1,Racing|FirstPerson|ThirdPerson,Unknown
PlayStation 3,Prison Break: The Conspiracy,0.04,2010,"Deep Silver, Inc.",Action,0,0,32.95,41,1,0,1,Action|Stealth|ThirdPerson,M
Nintendo Wii,"Sakura Wars: So Long, My Love",0.04,2010,"NIS America, Inc.","Adventure, Strategy",0,0,24.95,74,1,0,1,Adventure|Strategy|Anime|Battlemech|TurnBased|ThirdPerson,Unknown
X360,Record of Agarest War (The Really Naughty Limited Edition),0.04,2010,Aksys Games,"Role-Playing (RPG), Strategy",0,0,49.95,71,1,0,0,RPG|Strategy|Isometric,Unknown
Sony PSP,Metal Slug XX,0.02,2010,"Atlus U.S.A., Inc.",Action,1,1,16.95,67,1,0,0,Action|Shooter|SideScrolling|ThirdPerson,T
